date;close;adjusted_close;dividend
25/01/2019 00:00;20.145;20.145;0
29/01/2019 00:00;20.155;20.155;0
30/01/2019 00:00;20.345;20.345;0
31/01/2019 00:00;20.42;20.42;0
01/02/2019 00:00;20.535;20.535;0
04/02/2019 00:00;20.455;20.455;0
05/02/2019 00:00;20.79;20.79;0
06/02/2019 00:00;20.767;20.767;0
07/02/2019 00:00;20.39;20.39;0
08/02/2019 00:00;20.305;20.305;0
11/02/2019 00:00;20.517;20.517;0
12/02/2019 00:00;20.715;20.715;0
13/02/2019 00:00;20.755;20.755;0
14/02/2019 00:00;20.71;20.71;0
15/02/2019 00:00;21.092;21.092;0
18/02/2019 00:00;21.154;21.154;0
19/02/2019 00:00;21.137;21.137;0
20/02/2019 00:00;21.272;21.272;0
21/02/2019 00:00;21.255;21.255;0
22/02/2019 00:00;21.341;21.341;0
25/02/2019 00:00;21.41;21.41;0
26/02/2019 00:00;21.442;21.442;0
27/02/2019 00:00;21.373;21.373;0
28/02/2019 00:00;21.447;21.447;0
01/03/2019 00:00;21.53;21.53;0
04/03/2019 00:00;21.63;21.63;0
05/03/2019 00:00;21.681;21.681;0
06/03/2019 00:00;21.645;21.645;0
07/03/2019 00:00;21.564;21.564;0
08/03/2019 00:00;21.415;21.415;0
11/03/2019 00:00;21.554;21.554;0
12/03/2019 00:00;21.572;21.572;0
13/03/2019 00:00;21.706;21.706;0
14/03/2019 00:00;21.89;21.89;0
15/03/2019 00:00;22.122;22.122;0
18/03/2019 00:00;22.142;22.142;0
19/03/2019 00:00;22.23;22.23;0
20/03/2019 00:00;22.053;22.053;0
21/03/2019 00:00;22.035;22.035;0
22/03/2019 00:00;21.584;21.584;0
25/03/2019 00:00;21.567;21.567;0
26/03/2019 00:00;21.738;21.738;0
27/03/2019 00:00;21.737;21.737;0
28/03/2019 00:00;21.708;21.708;0
29/03/2019 00:00;21.931;21.931;0
01/04/2019 00:00;22.146;22.146;0
02/04/2019 00:00;22.214;22.214;0
03/04/2019 00:00;22.412;22.412;0
04/04/2019 00:00;22.395;22.395;0
05/04/2019 00:00;22.446;22.446;0
08/04/2019 00:00;22.424;22.424;0
09/04/2019 00:00;22.301;22.301;0
10/04/2019 00:00;22.34;22.34;0
11/04/2019 00:00;22.476;22.476;0
12/04/2019 00:00;22.551;22.551;0
15/04/2019 00:00;22.595;22.595;0
16/04/2019 00:00;22.677;22.677;0
17/04/2019 00:00;22.811;22.811;0
18/04/2019 00:00;22.892;22.892;0
23/04/2019 00:00;22.945;22.945;0
24/04/2019 00:00;22.887;22.887;0
25/04/2019 00:00;22.831;22.831;0
26/04/2019 00:00;22.896;22.896;0
29/04/2019 00:00;22.946;22.946;0
30/04/2019 00:00;23.006;23.006;0
02/05/2019 00:00;22.875;22.875;0
03/05/2019 00:00;22.921;22.921;0
06/05/2019 00:00;22.65;22.65;0
07/05/2019 00:00;22.311;22.311;0
08/05/2019 00:00;22.4;22.4;0
09/05/2019 00:00;22.033;22.033;0
10/05/2019 00:00;22.096;22.096;0
13/05/2019 00:00;21.816;21.816;0
14/05/2019 00:00;22.161;22.161;0
15/05/2019 00:00;22.296;22.296;0
16/05/2019 00:00;22.606;22.606;0
17/05/2019 00:00;22.571;22.571;0
20/05/2019 00:00;22.255;22.255;0
21/05/2019 00:00;22.405;22.405;0
22/05/2019 00:00;22.385;22.385;0
23/05/2019 00:00;21.98;21.98;0
24/05/2019 00:00;22.143;22.143;0
27/05/2019 00:00;22.258;22.258;0
28/05/2019 00:00;22.143;22.143;0
29/05/2019 00:00;21.846;21.846;0
30/05/2019 00:00;21.97;21.97;0
31/05/2019 00:00;21.787;21.787;0
03/06/2019 00:00;21.94;21.94;0
04/06/2019 00:00;22.071;22.071;0
05/06/2019 00:00;22.176;22.176;0
06/06/2019 00:00;22.109;22.109;0
07/06/2019 00:00;22.48;22.48;0
10/06/2019 00:00;22.561;22.561;0
11/06/2019 00:00;22.701;22.701;0
12/06/2019 00:00;22.565;22.565;0
13/06/2019 00:00;22.573;22.573;0
14/06/2019 00:00;22.535;22.535;0
17/06/2019 00:00;22.636;22.636;0
18/06/2019 00:00;23.138;23.138;0
19/06/2019 00:00;23.169;23.169;0
20/06/2019 00:00;23.255;23.255;0
21/06/2019 00:00;23.22;23.22;0
24/06/2019 00:00;23.193;23.193;0
25/06/2019 00:00;23.182;23.182;0
26/06/2019 00:00;23.117;23.117;0
27/06/2019 00:00;23.083;23.083;0
28/06/2019 00:00;23.28;23.28;0
01/07/2019 00:00;23.398;23.398;0
02/07/2019 00:00;23.432;23.432;0
03/07/2019 00:00;23.525;23.525;0
05/07/2019 00:00;23.512;23.512;0
08/07/2019 00:00;23.501;23.501;0
09/07/2019 00:00;23.429;23.429;0
10/07/2019 00:00;23.414;23.414;0
11/07/2019 00:00;23.344;23.344;0
12/07/2019 00:00;23.428;23.428;0
15/07/2019 00:00;23.457;23.457;0
16/07/2019 00:00;23.446;23.446;0
17/07/2019 00:00;23.429;23.429;0
18/07/2019 00:00;23.333;23.333;0
19/07/2019 00:00;23.34;23.34;0
22/07/2019 00:00;23.397;23.397;0
23/07/2019 00:00;23.537;23.537;0
25/07/2019 00:00;23.457;23.457;0
26/07/2019 00:00;23.593;23.593;0
29/07/2019 00:00;23.562;23.562;0
30/07/2019 00:00;23.334;23.334;0
31/07/2019 00:00;23.215;23.215;0
01/08/2019 00:00;23.368;23.368;0
02/08/2019 00:00;22.574;22.574;0
05/08/2019 00:00;22.042;22.042;0
06/08/2019 00:00;22.011;22.011;0
07/08/2019 00:00;22.146;22.146;0
08/08/2019 00:00;22.337;22.337;0
09/08/2019 00:00;22.398;22.398;0
12/08/2019 00:00;22.362;22.362;0
13/08/2019 00:00;22.23;22.23;0
14/08/2019 00:00;22.076;22.076;0
15/08/2019 00:00;22.042;22.042;0
16/08/2019 00:00;22.287;22.287;0
19/08/2019 00:00;22.49;22.49;0
20/08/2019 00:00;22.464;22.464;0
22/08/2019 00:00;22.652;22.652;0
23/08/2019 00:00;22.387;22.387;0
26/08/2019 00:00;22.51;22.51;0
27/08/2019 00:00;22.642;22.642;0
28/08/2019 00:00;22.578;22.578;0
29/08/2019 00:00;22.93;22.93;0
30/08/2019 00:00;23.044;23.044;0
02/09/2019 00:00;23.085;23.085;0
03/09/2019 00:00;22.972;22.972;0
04/09/2019 00:00;23.252;23.252;0
05/09/2019 00:00;23.515;23.515;0
06/09/2019 00:00;23.561;23.561;0
09/09/2019 00:00;23.501;23.501;0
10/09/2019 00:00;23.505;23.505;0
11/09/2019 00:00;23.616;23.616;0
12/09/2019 00:00;23.732;23.732;0
13/09/2019 00:00;23.786;23.786;0
16/09/2019 00:00;23.557;23.557;0
17/09/2019 00:00;23.611;23.611;0
18/09/2019 00:00;23.636;23.636;0
19/09/2019 00:00;23.792;23.792;0
20/09/2019 00:00;23.922;23.922;0
23/09/2019 00:00;23.676;23.676;0
24/09/2019 00:00;23.652;23.652;0
25/09/2019 00:00;23.47;23.47;0
26/09/2019 00:00;23.632;23.632;0
27/09/2019 00:00;23.741;23.741;0
30/09/2019 00:00;23.896;23.896;0
01/10/2019 00:00;23.55;23.55;0
02/10/2019 00:00;22.817;22.817;0
03/10/2019 00:00;22.892;22.892;0
04/10/2019 00:00;23.096;23.096;0
07/10/2019 00:00;23.243;23.243;0
08/10/2019 00:00;22.968;22.968;0
09/10/2019 00:00;23.14;23.14;0
10/10/2019 00:00;23.435;23.435;0
11/10/2019 00:00;23.852;23.852;0
14/10/2019 00:00;23.755;23.755;0
15/10/2019 00:00;24.012;24.012;0
16/10/2019 00:00;23.981;23.981;0
17/10/2019 00:00;23.889;23.889;0
18/10/2019 00:00;23.727;23.727;0
21/10/2019 00:00;23.785;23.785;0
22/10/2019 00:00;23.814;23.814;0
23/10/2019 00:00;23.793;23.793;0
24/10/2019 00:00;23.918;23.918;0
25/10/2019 00:00;24.085;24.085;0
28/10/2019 00:00;24.126;24.126;0
29/10/2019 00:00;24.162;24.162;0
30/10/2019 00:00;24.258;24.258;0
31/10/2019 00:00;24.131;24.131;0
01/11/2019 00:00;24.256;24.256;0
04/11/2019 00:00;24.522;24.522;0
05/11/2019 00:00;24.612;24.612;0
06/11/2019 00:00;24.704;24.704;0
07/11/2019 00:00;24.808;24.808;0
08/11/2019 00:00;24.788;24.788;0
11/11/2019 00:00;24.821;24.821;0
12/11/2019 00:00;24.935;24.935;0
13/11/2019 00:00;24.872;24.872;0
14/11/2019 00:00;24.841;24.841;0
15/11/2019 00:00;25.004;25.004;0
18/11/2019 00:00;24.958;24.958;0
19/11/2019 00:00;24.878;24.878;0
20/11/2019 00:00;24.818;24.818;0
21/11/2019 00:00;24.776;24.776;0
22/11/2019 00:00;24.808;24.808;0
25/11/2019 00:00;24.948;24.948;0
26/11/2019 00:00;24.973;24.973;0
27/11/2019 00:00;24.954;24.954;0
28/11/2019 00:00;24.898;24.898;0
29/11/2019 00:00;24.865;24.865;0
02/12/2019 00:00;24.379;24.379;0
03/12/2019 00:00;24.126;24.126;0
04/12/2019 00:00;24.44;24.44;0
05/12/2019 00:00;24.451;24.451;0
06/12/2019 00:00;24.745;24.745;0
09/12/2019 00:00;24.596;24.596;0
10/12/2019 00:00;24.641;24.641;0
11/12/2019 00:00;24.704;24.704;0
12/12/2019 00:00;24.793;24.793;0
13/12/2019 00:00;24.959;24.959;0
16/12/2019 00:00;25.255;25.255;0
17/12/2019 00:00;25.141;25.141;0
18/12/2019 00:00;25.118;25.118;0
19/12/2019 00:00;25.165;25.165;0
20/12/2019 00:00;25.378;25.378;0
23/12/2019 00:00;25.417;25.417;0
24/12/2019 00:00;25.412;25.412;0
27/12/2019 00:00;25.44;25.44;0
30/12/2019 00:00;25.201;25.201;0
31/12/2019 00:00;25.197;25.197;0
02/01/2020 00:00;25.462;25.462;0
03/01/2020 00:00;25.476;25.476;0
06/01/2020 00:00;25.385;25.385;0
07/01/2020 00:00;25.387;25.387;0
08/01/2020 00:00;25.435;25.435;0
09/01/2020 00:00;25.505;25.505;0
10/01/2020 00:00;25.481;25.481;0
13/01/2020 00:00;25.478;25.478;0
14/01/2020 00:00;25.511;25.511;0
15/01/2020 00:00;25.479;25.479;0
16/01/2020 00:00;25.508;25.508;0
17/01/2020 00:00;25.771;25.771;0
20/01/2020 00:00;25.681;25.681;0
21/01/2020 00:00;25.53;25.53;0
22/01/2020 00:00;25.391;25.391;0
23/01/2020 00:00;25.228;25.228;0
24/01/2020 00:00;25.444;25.444;0
27/01/2020 00:00;24.767;24.767;0
28/01/2020 00:00;25.042;25.042;0
29/01/2020 00:00;25.174;25.174;0
30/01/2020 00:00;24.809;24.809;0
31/01/2020 00:00;24.521;24.521;0
03/02/2020 00:00;24.646;24.646;0
04/02/2020 00:00;25.076;25.076;0
05/02/2020 00:00;25.287;25.287;0
06/02/2020 00:00;25.501;25.501;0
07/02/2020 00:00;25.466;25.466;0
10/02/2020 00:00;25.416;25.416;0
11/02/2020 00:00;25.567;25.567;0
12/02/2020 00:00;25.78;25.78;0
13/02/2020 00:00;25.728;25.728;0
14/02/2020 00:00;25.632;25.632;0
17/02/2020 00:00;25.704;25.704;0
18/02/2020 00:00;25.584;25.584;0
19/02/2020 00:00;25.795;25.795;0
20/02/2020 00:00;25.608;25.608;0
21/02/2020 00:00;25.46;25.46;0
24/02/2020 00:00;24.445;24.445;0
25/02/2020 00:00;23.968;23.968;0
26/02/2020 00:00;24.005;24.005;0
27/02/2020 00:00;23.214;23.214;0
28/02/2020 00:00;22.452;22.452;0
02/03/2020 00:00;22.558;22.558;0
03/03/2020 00:00;23.2;23.2;0
04/03/2020 00:00;23.14;23.14;0
05/03/2020 00:00;22.687;22.687;0
06/03/2020 00:00;21.755;21.755;0
09/03/2020 00:00;20;20;0
10/03/2020 00:00;19.616;19.616;0
11/03/2020 00:00;19.529;19.529;0
12/03/2020 00:00;17.41;17.41;0
13/03/2020 00:00;17.343;17.343;0
16/03/2020 00:00;16.449;16.449;0
17/03/2020 00:00;16.958;16.958;0
18/03/2020 00:00;15.826;15.826;0
19/03/2020 00:00;16.183;16.183;0
20/03/2020 00:00;17.007;17.007;0
23/03/2020 00:00;16.552;16.552;0
24/03/2020 00:00;17.85;17.85;0
25/03/2020 00:00;18.758;18.758;0
26/03/2020 00:00;19.184;19.184;0
27/03/2020 00:00;18.285;18.285;0
30/03/2020 00:00;18.553;18.553;0
31/03/2020 00:00;18.617;18.617;0
01/04/2020 00:00;17.827;17.827;0
02/04/2020 00:00;17.907;17.907;0
03/04/2020 00:00;17.616;17.616;0
06/04/2020 00:00;18.38;18.38;0
07/04/2020 00:00;18.804;18.804;0
08/04/2020 00:00;18.792;18.792;0
09/04/2020 00:00;19.052;19.052;0
14/04/2020 00:00;19.152;19.152;0
15/04/2020 00:00;18.45;18.45;0
16/04/2020 00:00;18.41;18.41;0
17/04/2020 00:00;19.024;19.024;0
20/04/2020 00:00;19.182;19.182;0
21/04/2020 00:00;18.475;18.475;0
22/04/2020 00:00;18.689;18.689;0
23/04/2020 00:00;18.84;18.84;0
24/04/2020 00:00;18.611;18.611;0
27/04/2020 00:00;19.052;19.052;0
28/04/2020 00:00;19.338;19.338;0
29/04/2020 00:00;19.804;19.804;0
30/04/2020 00:00;19.328;19.328;0
04/05/2020 00:00;18.597;18.597;0
05/05/2020 00:00;19.077;19.077;0
06/05/2020 00:00;18.855;18.855;0
07/05/2020 00:00;19.154;19.154;0
08/05/2020 00:00;19.357;19.357;0
11/05/2020 00:00;19.131;19.131;0
12/05/2020 00:00;19.075;19.075;0
13/05/2020 00:00;18.517;18.517;0
14/05/2020 00:00;18.228;18.228;0
15/05/2020 00:00;18.21;18.21;0
18/05/2020 00:00;19.18;19.18;0
19/05/2020 00:00;19;19;0
20/05/2020 00:00;19.178;19.178;0
21/05/2020 00:00;18.934;18.934;0
22/05/2020 00:00;18.963;18.963;0
25/05/2020 00:00;19.339;19.339;0
26/05/2020 00:00;19.616;19.616;0
27/05/2020 00:00;19.964;19.964;0
28/05/2020 00:00;20.339;20.339;0
29/05/2020 00:00;19.996;19.996;0
01/06/2020 00:00;20.317;20.317;0
02/06/2020 00:00;20.696;20.696;0
03/06/2020 00:00;21.399;21.399;0
04/06/2020 00:00;21.405;21.405;0
05/06/2020 00:00;22.162;22.162;0
08/06/2020 00:00;22.083;22.083;0
09/06/2020 00:00;21.721;21.721;0
10/06/2020 00:00;21.574;21.574;0
11/06/2020 00:00;20.55;20.55;0
12/06/2020 00:00;20.62;20.62;0
15/06/2020 00:00;20.541;20.541;0
16/06/2020 00:00;21.142;21.142;0
17/06/2020 00:00;21.322;21.322;0
18/06/2020 00:00;21.167;21.167;0
19/06/2020 00:00;21.271;21.271;0
22/06/2020 00:00;21.141;21.141;0
23/06/2020 00:00;21.429;21.429;0
24/06/2020 00:00;20.826;20.826;0
25/06/2020 00:00;21.031;21.031;0
26/06/2020 00:00;20.986;20.986;0
29/06/2020 00:00;21.137;21.137;0
30/06/2020 00:00;21.127;21.127;0
01/07/2020 00:00;21.077;21.077;0
02/07/2020 00:00;21.606;21.606;0
03/07/2020 00:00;21.425;21.425;0
06/07/2020 00:00;21.751;21.751;0
07/07/2020 00:00;21.643;21.643;0
08/07/2020 00:00;21.37;21.37;0
09/07/2020 00:00;21.114;21.114;0
10/07/2020 00:00;21.327;21.327;0
13/07/2020 00:00;21.689;21.689;0
14/07/2020 00:00;21.509;21.509;0
15/07/2020 00:00;21.96;21.96;0
16/07/2020 00:00;21.842;21.842;0
17/07/2020 00:00;21.775;21.775;0
20/07/2020 00:00;21.875;21.875;0
21/07/2020 00:00;21.91;21.91;0
22/07/2020 00:00;21.632;21.632;0
23/07/2020 00:00;21.603;21.603;0
24/07/2020 00:00;21.273;21.273;0
27/07/2020 00:00;21.226;21.226;0
28/07/2020 00:00;21.173;21.173;0
29/07/2020 00:00;21.296;21.296;0
30/07/2020 00:00;20.832;20.832;0
31/07/2020 00:00;20.553;20.553;0
03/08/2020 00:00;20.948;20.948;0
04/08/2020 00:00;20.995;20.995;0
05/08/2020 00:00;21.171;21.171;0
06/08/2020 00:00;20.983;20.983;0
07/08/2020 00:00;20.995;20.995;0
10/08/2020 00:00;21.082;21.082;0
11/08/2020 00:00;21.592;21.592;0
12/08/2020 00:00;21.8;21.8;0
13/08/2020 00:00;21.651;21.651;0
14/08/2020 00:00;21.313;21.313;0
17/08/2020 00:00;21.352;21.352;0
18/08/2020 00:00;21.198;21.198;0
19/08/2020 00:00;21.382;21.382;0
20/08/2020 00:00;21.094;21.094;0
21/08/2020 00:00;21.034;21.034;0
24/08/2020 00:00;21.51;21.51;0
25/08/2020 00:00;21.502;21.502;0
26/08/2020 00:00;21.685;21.685;0
27/08/2020 00:00;21.533;21.533;0
28/08/2020 00:00;21.485;21.485;0
31/08/2020 00:00;21.234;21.234;0
01/09/2020 00:00;21.199;21.199;0
02/09/2020 00:00;21.586;21.586;0
03/09/2020 00:00;21.507;21.507;0
04/09/2020 00:00;21.333;21.333;0
07/09/2020 00:00;21.721;21.721;0
08/09/2020 00:00;21.387;21.387;0
09/09/2020 00:00;21.698;21.698;0
10/09/2020 00:00;21.627;21.627;0
11/09/2020 00:00;21.66;21.66;0
14/09/2020 00:00;21.755;21.755;0
15/09/2020 00:00;21.805;21.805;0
16/09/2020 00:00;21.829;21.829;0
17/09/2020 00:00;21.675;21.675;0
18/09/2020 00:00;21.415;21.415;0
21/09/2020 00:00;20.647;20.647;0
22/09/2020 00:00;20.573;20.573;0
23/09/2020 00:00;20.694;20.694;0
24/09/2020 00:00;20.515;20.515;0
25/09/2020 00:00;20.394;20.394;0
28/09/2020 00:00;20.917;20.917;0
29/09/2020 00:00;20.832;20.832;0
30/09/2020 00:00;20.743;20.743;0
01/10/2020 00:00;20.794;20.794;0
02/10/2020 00:00;20.797;20.797;0
05/10/2020 00:00;21.005;21.005;0
06/10/2020 00:00;21.104;21.104;0
07/10/2020 00:00;21.019;21.019;0
08/10/2020 00:00;21.141;21.141;0
09/10/2020 00:00;21.265;21.265;0
12/10/2020 00:00;21.425;21.425;0
13/10/2020 00:00;21.284;21.284;0
14/10/2020 00:00;21.258;21.258;0
15/10/2020 00:00;20.805;20.805;0
16/10/2020 00:00;21.24;21.24;0
19/10/2020 00:00;21.27;21.27;0
20/10/2020 00:00;21.207;21.207;0
21/10/2020 00:00;20.88;20.88;0
22/10/2020 00:00;20.874;20.874;0
23/10/2020 00:00;21.066;21.066;0
26/10/2020 00:00;20.729;20.729;0
27/10/2020 00:00;20.363;20.363;0
28/10/2020 00:00;19.681;19.681;0
29/10/2020 00:00;19.689;19.689;0
30/10/2020 00:00;19.801;19.801;0
02/11/2020 00:00;20.245;20.245;0
03/11/2020 00:00;20.708;20.708;0
04/11/2020 00:00;21.183;21.183;0
05/11/2020 00:00;21.44;21.44;0
06/11/2020 00:00;21.354;21.354;0
09/11/2020 00:00;22.938;22.938;0
10/11/2020 00:00;23.309;23.309;0
11/11/2020 00:00;23.424;23.424;0
12/11/2020 00:00;23.067;23.067;0
13/11/2020 00:00;23.153;23.153;0
16/11/2020 00:00;23.539;23.539;0
17/11/2020 00:00;23.589;23.589;0
18/11/2020 00:00;23.706;23.706;0
19/11/2020 00:00;23.533;23.533;0
20/11/2020 00:00;23.64;23.64;0
23/11/2020 00:00;23.633;23.633;0
24/11/2020 00:00;23.896;23.896;0
25/11/2020 00:00;23.951;23.951;0
26/11/2020 00:00;23.946;23.946;0
27/11/2020 00:00;24.079;24.079;0
30/11/2020 00:00;23.744;23.744;0
01/12/2020 00:00;24.017;24.017;0
02/12/2020 00:00;24.008;24.008;0
03/12/2020 00:00;23.991;23.991;0
04/12/2020 00:00;24.128;24.128;0
07/12/2020 00:00;23.978;23.978;0
08/12/2020 00:00;23.942;23.942;0
09/12/2020 00:00;23.89;23.89;0
10/12/2020 00:00;23.893;23.893;0
11/12/2020 00:00;23.729;23.729;0
14/12/2020 00:00;23.797;23.797;0
15/12/2020 00:00;23.801;23.801;0
16/12/2020 00:00;23.88;23.88;0
17/12/2020 00:00;23.891;23.891;0
18/12/2020 00:00;23.784;23.784;0
21/12/2020 00:00;23.215;23.215;0
22/12/2020 00:00;23.544;23.544;0
23/12/2020 00:00;23.809;23.809;0
24/12/2020 00:00;23.805;23.805;0
28/12/2020 00:00;24.06;24.06;0
29/12/2020 00:00;24.155;24.155;0
30/12/2020 00:00;24.098;24.098;0
31/12/2020 00:00;23.929;23.929;0
04/01/2021 00:00;24.1;24.1;0
05/01/2021 00:00;23.999;23.999;0
06/01/2021 00:00;24.296;24.296;0
07/01/2021 00:00;24.452;24.452;0
08/01/2021 00:00;24.591;24.591;0
11/01/2021 00:00;24.409;24.409;0
12/01/2021 00:00;24.368;24.368;0
13/01/2021 00:00;24.417;24.417;0
14/01/2021 00:00;24.49;24.49;0
15/01/2021 00:00;24.189;24.189;0
18/01/2021 00:00;24.233;24.233;0
19/01/2021 00:00;24.137;24.137;0
20/01/2021 00:00;24.263;24.263;0
21/01/2021 00:00;24.11;24.11;0
22/01/2021 00:00;23.957;23.957;0
25/01/2021 00:00;23.6;23.6;0
26/01/2021 00:00;23.826;23.826;0
27/01/2021 00:00;23.532;23.532;0
28/01/2021 00:00;23.749;23.749;0
29/01/2021 00:00;23.299;23.299;0
01/02/2021 00:00;23.546;23.546;0
02/02/2021 00:00;23.99;23.99;0
03/02/2021 00:00;23.975;23.975;0
04/02/2021 00:00;24.19;24.19;0
05/02/2021 00:00;24.401;24.401;0
08/02/2021 00:00;24.533;24.533;0
09/02/2021 00:00;24.541;24.541;0
10/02/2021 00:00;24.436;24.436;0
11/02/2021 00:00;24.434;24.434;0
12/02/2021 00:00;24.577;24.577;0
15/02/2021 00:00;24.948;24.948;0
16/02/2021 00:00;24.941;24.941;0
17/02/2021 00:00;24.855;24.855;0
18/02/2021 00:00;24.685;24.685;0
19/02/2021 00:00;24.891;24.891;0
22/02/2021 00:00;24.867;24.867;0
23/02/2021 00:00;24.909;24.909;0
24/02/2021 00:00;24.985;24.985;0
25/02/2021 00:00;24.943;24.943;0
26/02/2021 00:00;24.588;24.588;0
01/03/2021 00:00;24.968;24.968;0
02/03/2021 00:00;25.053;25.053;0
03/03/2021 00:00;25.124;25.124;0
04/03/2021 00:00;25.142;25.142;0
05/03/2021 00:00;24.916;24.916;0
08/03/2021 00:00;25.445;25.445;0
09/03/2021 00:00;25.555;25.555;0
10/03/2021 00:00;25.826;25.826;0
11/03/2021 00:00;26.002;26.002;0
12/03/2021 00:00;26.053;26.053;0
15/03/2021 00:00;26.005;26.005;0
16/03/2021 00:00;26.098;26.098;0
17/03/2021 00:00;26.123;26.123;0
18/03/2021 00:00;26.128;26.128;0
19/03/2021 00:00;25.856;25.856;0
22/03/2021 00:00;25.735;25.735;0
23/03/2021 00:00;25.633;25.633;0
24/03/2021 00:00;25.638;25.638;0
25/03/2021 00:00;25.677;25.677;0
26/03/2021 00:00;25.849;25.849;0
29/03/2021 00:00;25.971;25.971;0
30/03/2021 00:00;26.28;26.28;0
31/03/2021 00:00;26.167;26.167;0
01/04/2021 00:00;26.36;26.36;0
06/04/2021 00:00;26.447;26.447;0
07/04/2021 00:00;26.463;26.463;0
08/04/2021 00:00;26.614;26.614;0
09/04/2021 00:00;26.628;26.628;0
12/04/2021 00:00;26.591;26.591;0
13/04/2021 00:00;26.683;26.683;0
14/04/2021 00:00;26.775;26.775;0
15/04/2021 00:00;26.919;26.919;0
16/04/2021 00:00;27.138;27.138;0
19/04/2021 00:00;27.175;27.175;0
20/04/2021 00:00;26.63;26.63;0
21/04/2021 00:00;26.835;26.835;0
22/04/2021 00:00;27.092;27.092;0
23/04/2021 00:00;27.045;27.045;0
26/04/2021 00:00;27.126;27.126;0
27/04/2021 00:00;27.137;27.137;0
28/04/2021 00:00;27.269;27.269;0
29/04/2021 00:00;27.281;27.281;0
30/04/2021 00:00;27.107;27.107;0
03/05/2021 00:00;27.266;27.266;0
04/05/2021 00:00;27.05;27.05;0
05/05/2021 00:00;27.49;27.49;0
06/05/2021 00:00;27.56;27.56;0
07/05/2021 00:00;27.73;27.73;0
10/05/2021 00:00;27.796;27.796;0
11/05/2021 00:00;27.265;27.265;0
12/05/2021 00:00;27.342;27.342;0
13/05/2021 00:00;27.38;27.38;0
14/05/2021 00:00;27.793;27.793;0
17/05/2021 00:00;27.758;27.758;0
18/05/2021 00:00;27.717;27.717;0
19/05/2021 00:00;27.302;27.302;0
20/05/2021 00:00;27.667;27.667;0
21/05/2021 00:00;27.859;27.859;0
24/05/2021 00:00;27.993;27.993;0
25/05/2021 00:00;27.929;27.929;0
26/05/2021 00:00;27.932;27.932;0
27/05/2021 00:00;28.124;28.124;0
28/05/2021 00:00;28.37;28.37;0
31/05/2021 00:00;28.196;28.196;0
01/06/2021 00:00;28.404;28.404;0
02/06/2021 00:00;28.549;28.549;0
03/06/2021 00:00;28.491;28.491;0
04/06/2021 00:00;28.526;28.526;0
07/06/2021 00:00;28.66;28.66;0
08/06/2021 00:00;28.691;28.691;0
09/06/2021 00:00;28.742;28.742;0
10/06/2021 00:00;28.665;28.665;0
11/06/2021 00:00;28.904;28.904;0
14/06/2021 00:00;28.973;28.973;0
15/06/2021 00:00;29.089;29.089;0
16/06/2021 00:00;29.143;29.143;0
17/06/2021 00:00;29.211;29.211;0
18/06/2021 00:00;28.791;28.791;0
21/06/2021 00:00;28.943;28.943;0
22/06/2021 00:00;28.976;28.976;0
23/06/2021 00:00;28.716;28.716;0
24/06/2021 00:00;29.09;29.09;0
25/06/2021 00:00;29.056;29.056;0
28/06/2021 00:00;28.77;28.77;0
29/06/2021 00:00;28.822;28.822;0
30/06/2021 00:00;28.582;28.582;0
01/07/2021 00:00;28.786;28.786;0
02/07/2021 00:00;28.762;28.762;0
05/07/2021 00:00;28.819;28.819;0
06/07/2021 00:00;28.551;28.551;0
07/07/2021 00:00;28.641;28.641;0
08/07/2021 00:00;28.065;28.065;0
09/07/2021 00:00;28.665;28.665;0
12/07/2021 00:00;28.786;28.786;0
13/07/2021 00:00;28.776;28.776;0
14/07/2021 00:00;28.773;28.773;0
15/07/2021 00:00;28.484;28.484;0
16/07/2021 00:00;28.343;28.343;0
19/07/2021 00:00;27.622;27.622;0
20/07/2021 00:00;27.85;27.85;0
21/07/2021 00:00;28.367;28.367;0
22/07/2021 00:00;28.447;28.447;0
23/07/2021 00:00;28.813;28.813;0
26/07/2021 00:00;28.848;28.848;0
27/07/2021 00:00;28.665;28.665;0
28/07/2021 00:00;28.992;28.992;0
29/07/2021 00:00;29.124;29.124;0
30/07/2021 00:00;29.002;29.002;0
02/08/2021 00:00;29.279;29.279;0
03/08/2021 00:00;29.499;29.499;0
04/08/2021 00:00;29.615;29.615;0
05/08/2021 00:00;29.749;29.749;0
06/08/2021 00:00;29.918;29.918;0
09/08/2021 00:00;29.889;29.889;0
10/08/2021 00:00;29.931;29.931;0
11/08/2021 00:00;30.089;30.089;0
12/08/2021 00:00;30.202;30.202;0
13/08/2021 00:00;30.265;30.265;0
16/08/2021 00:00;29.993;29.993;0
17/08/2021 00:00;29.908;29.908;0
18/08/2021 00:00;29.687;29.687;0
19/08/2021 00:00;28.983;28.983;0
20/08/2021 00:00;29.079;29.079;0
23/08/2021 00:00;29.35;29.35;0
24/08/2021 00:00;29.24;29.24;0
25/08/2021 00:00;29.292;29.292;0
26/08/2021 00:00;29.237;29.237;0
27/08/2021 00:00;29.305;29.305;0
30/08/2021 00:00;29.332;29.332;0
31/08/2021 00:00;29.31;29.31;0
01/09/2021 00:00;29.645;29.645;0
02/09/2021 00:00;29.663;29.663;0
03/09/2021 00:00;29.351;29.351;0
06/09/2021 00:00;29.573;29.573;0
07/09/2021 00:00;29.498;29.498;0
08/09/2021 00:00;29.239;29.239;0
09/09/2021 00:00;29.31;29.31;0
10/09/2021 00:00;29.219;29.219;0
13/09/2021 00:00;29.296;29.296;0
14/09/2021 00:00;29.161;29.161;0
15/09/2021 00:00;28.864;28.864;0
16/09/2021 00:00;29.055;29.055;0
17/09/2021 00:00;28.8;28.8;0
20/09/2021 00:00;28.307;28.307;0
21/09/2021 00:00;28.735;28.735;0
22/09/2021 00:00;29.134;29.134;0
23/09/2021 00:00;29.399;29.399;0
24/09/2021 00:00;29.129;29.129;0
27/09/2021 00:00;29.195;29.195;0
28/09/2021 00:00;28.59;28.59;0
29/09/2021 00:00;28.834;28.834;0
30/09/2021 00:00;28.634;28.634;0
01/10/2021 00:00;28.625;28.625;0
04/10/2021 00:00;28.466;28.466;0
05/10/2021 00:00;28.894;28.894;0
06/10/2021 00:00;28.537;28.537;0
07/10/2021 00:00;28.996;28.996;0
08/10/2021 00:00;28.821;28.821;0
11/10/2021 00:00;28.867;28.867;0
12/10/2021 00:00;28.769;28.769;0
13/10/2021 00:00;28.984;28.984;0
14/10/2021 00:00;29.372;29.372;0
15/10/2021 00:00;29.556;29.556;0
18/10/2021 00:00;29.319;29.319;0
19/10/2021 00:00;29.307;29.307;0
20/10/2021 00:00;29.455;29.455;0
21/10/2021 00:00;29.383;29.383;0
22/10/2021 00:00;29.588;29.588;0
25/10/2021 00:00;29.482;29.482;0
26/10/2021 00:00;29.727;29.727;0
27/10/2021 00:00;29.663;29.663;0
28/10/2021 00:00;29.884;29.884;0
29/10/2021 00:00;30.004;30.004;0
01/11/2021 00:00;30.283;30.283;0
02/11/2021 00:00;30.42;30.42;0
03/11/2021 00:00;30.548;30.548;0
04/11/2021 00:00;30.688;30.688;0
05/11/2021 00:00;30.92;30.92;0
08/11/2021 00:00;30.972;30.972;0
09/11/2021 00:00;30.931;30.931;0
10/11/2021 00:00;30.952;30.952;0
11/11/2021 00:00;31.008;31.008;0
12/11/2021 00:00;31.149;31.149;0
15/11/2021 00:00;31.311;31.311;0
16/11/2021 00:00;31.435;31.435;0
17/11/2021 00:00;31.455;31.455;0
18/11/2021 00:00;31.37;31.37;0
19/11/2021 00:00;31.228;31.228;0
22/11/2021 00:00;31.226;31.226;0
23/11/2021 00:00;30.959;30.959;0
24/11/2021 00:00;30.945;30.945;0
25/11/2021 00:00;31.088;31.088;0
26/11/2021 00:00;29.637;29.637;0
29/11/2021 00:00;29.842;29.842;0
30/11/2021 00:00;29.572;29.572;0
01/12/2021 00:00;30.308;30.308;0
02/12/2021 00:00;29.935;29.935;0
03/12/2021 00:00;29.796;29.796;0
06/12/2021 00:00;30.229;30.229;0
07/12/2021 00:00;31.088;31.088;0
08/12/2021 00:00;30.862;30.862;0
09/12/2021 00:00;30.831;30.831;0
10/12/2021 00:00;30.758;30.758;0
13/12/2021 00:00;30.566;30.566;0
14/12/2021 00:00;30.34;30.34;0
15/12/2021 00:00;30.499;30.499;0
16/12/2021 00:00;30.853;30.853;0
17/12/2021 00:00;30.481;30.481;0
20/12/2021 00:00;30.256;30.256;0
21/12/2021 00:00;30.695;30.695;0
22/12/2021 00:00;31.029;31.029;0
23/12/2021 00:00;31.272;31.272;0
24/12/2021 00:00;31.208;31.208;0
27/12/2021 00:00;31.404;31.404;0
28/12/2021 00:00;31.594;31.594;0
29/12/2021 00:00;31.508;31.508;0
30/12/2021 00:00;31.559;31.559;0
31/12/2021 00:00;31.494;31.494;0
03/01/2022 00:00;31.784;31.784;0
04/01/2022 00:00;32.224;32.224;0
05/01/2022 00:00;32.486;32.486;0
06/01/2022 00:00;31.92;31.92;0
07/01/2022 00:00;31.805;31.805;0
10/01/2022 00:00;31.334;31.334;0
11/01/2022 00:00;31.635;31.635;0
12/01/2022 00:00;31.867;31.867;0
13/01/2022 00:00;31.706;31.706;0
14/01/2022 00:00;31.469;31.469;0
17/01/2022 00:00;31.705;31.705;0
18/01/2022 00:00;31.439;31.439;0
19/01/2022 00:00;31.614;31.614;0
20/01/2022 00:00;31.694;31.694;0
21/01/2022 00:00;31.12;31.12;0
24/01/2022 00:00;29.925;29.925;0
25/01/2022 00:00;30.156;30.156;0
26/01/2022 00:00;30.806;30.806;0
27/01/2022 00:00;30.963;30.963;0
28/01/2022 00:00;30.705;30.705;0
31/01/2022 00:00;30.842;30.842;0
01/02/2022 00:00;31.269;31.269;0
02/02/2022 00:00;31.353;31.353;0
03/02/2022 00:00;30.845;30.845;0
04/02/2022 00:00;30.604;30.604;0
07/02/2022 00:00;30.875;30.875;0
08/02/2022 00:00;30.94;30.94;0
09/02/2022 00:00;31.412;31.412;0
10/02/2022 00:00;31.252;31.252;0
11/02/2022 00:00;30.864;30.864;0
14/02/2022 00:00;30.333;30.333;0
15/02/2022 00:00;30.818;30.818;0
16/02/2022 00:00;30.715;30.715;0
17/02/2022 00:00;30.635;30.635;0
18/02/2022 00:00;30.539;30.539;0
21/02/2022 00:00;29.918;29.918;0
22/02/2022 00:00;29.908;29.908;0
23/02/2022 00:00;29.861;29.861;0
24/02/2022 00:00;28.736;28.736;0
25/02/2022 00:00;29.771;29.771;0
28/02/2022 00:00;29.258;29.258;0
01/03/2022 00:00;28.206;28.206;0
02/03/2022 00:00;28.652;28.652;0
03/03/2022 00:00;28.162;28.162;0
04/03/2022 00:00;26.767;26.767;0
07/03/2022 00:00;26.397;26.397;0
08/03/2022 00:00;26.289;26.289;0
09/03/2022 00:00;28.045;28.045;0
10/03/2022 00:00;27.339;27.339;0
11/03/2022 00:00;27.59;27.59;0
14/03/2022 00:00;28.08;28.08;0
15/03/2022 00:00;27.95;27.95;0
16/03/2022 00:00;29.031;29.031;0
17/03/2022 00:00;29.121;29.121;0
18/03/2022 00:00;29.158;29.158;0
21/03/2022 00:00;28.97;28.97;0
22/03/2022 00:00;29.383;29.383;0
23/03/2022 00:00;29.02;29.02;0
24/03/2022 00:00;28.977;28.977;0
25/03/2022 00:00;28.943;28.943;0
28/03/2022 00:00;29.086;29.086;0
29/03/2022 00:00;29.994;29.994;0
30/03/2022 00:00;29.736;29.736;0
31/03/2022 00:00;29.369;29.369;0
01/04/2022 00:00;29.491;29.491;0
04/04/2022 00:00;29.715;29.715;0
05/04/2022 00:00;29.326;29.326;0
06/04/2022 00:00;28.696;28.696;0
07/04/2022 00:00;28.443;28.443;0
08/04/2022 00:00;28.89;28.89;0
11/04/2022 00:00;28.913;28.913;0
12/04/2022 00:00;28.799;28.799;0
13/04/2022 00:00;28.853;28.853;0
14/04/2022 00:00;29.053;29.053;0
19/04/2022 00:00;28.84;28.84;0
20/04/2022 00:00;29.259;29.259;0
21/04/2022 00:00;29.665;29.665;0
22/04/2022 00:00;29.055;29.055;0
25/04/2022 00:00;28.54;28.54;0
26/04/2022 00:00;28.452;28.452;0
27/04/2022 00:00;28.614;28.614;0
28/04/2022 00:00;28.9;28.9;0
29/04/2022 00:00;29.026;29.026;0
02/05/2022 00:00;28.534;28.534;0
03/05/2022 00:00;28.795;28.795;0
04/05/2022 00:00;28.434;28.434;0
05/05/2022 00:00;28.266;28.266;0
06/05/2022 00:00;27.964;27.964;0
09/05/2022 00:00;27.2;27.2;0
10/05/2022 00:00;27.367;27.367;0
11/05/2022 00:00;28.065;28.065;0
12/05/2022 00:00;27.733;27.733;0
13/05/2022 00:00;28.474;28.474;0
16/05/2022 00:00;28.377;28.377;0
17/05/2022 00:00;28.816;28.816;0
18/05/2022 00:00;28.409;28.409;0
19/05/2022 00:00;28.101;28.101;0
20/05/2022 00:00;28.14;28.14;0
23/05/2022 00:00;28.581;28.581;0
24/05/2022 00:00;28.075;28.075;0
25/05/2022 00:00;28.273;28.273;0
26/05/2022 00:00;28.791;28.791;0
27/05/2022 00:00;29.27;29.27;0
30/05/2022 00:00;29.512;29.512;0
31/05/2022 00:00;29.12;29.12;0
01/06/2022 00:00;28.91;28.91;0
02/06/2022 00:00;29.241;29.241;0
03/06/2022 00:00;29.162;29.162;0
06/06/2022 00:00;29.51;29.51;0
07/06/2022 00:00;29.248;29.248;0
08/06/2022 00:00;29.07;29.07;0
09/06/2022 00:00;28.65;28.65;0
10/06/2022 00:00;27.9;27.9;0
13/06/2022 00:00;27.13;27.13;0
14/06/2022 00:00;26.84;26.84;0
15/06/2022 00:00;27.185;27.185;0
16/06/2022 00:00;26.551;26.551;0
17/06/2022 00:00;26.516;26.516;0
20/06/2022 00:00;26.681;26.681;0
21/06/2022 00:00;26.93;26.93;0
22/06/2022 00:00;26.72;26.72;0
23/06/2022 00:00;26.531;26.531;0
24/06/2022 00:00;27.399;27.399;0
27/06/2022 00:00;27.325;27.325;0
28/06/2022 00:00;27.49;27.49;0
29/06/2022 00:00;27.22;27.22;0
30/06/2022 00:00;26.74;26.74;0
01/07/2022 00:00;26.78;26.78;0
04/07/2022 00:00;26.89;26.89;0
05/07/2022 00:00;26.154;26.154;0
06/07/2022 00:00;26.722;26.722;0
07/07/2022 00:00;27.166;27.166;0
08/07/2022 00:00;27.276;27.276;0
11/07/2022 00:00;27.075;27.075;0
12/07/2022 00:00;27.298;27.298;0
13/07/2022 00:00;27.125;27.125;0
14/07/2022 00:00;26.722;26.722;0
15/07/2022 00:00;27.266;27.266;0
18/07/2022 00:00;27.477;27.477;0
19/07/2022 00:00;27.996;27.996;0
20/07/2022 00:00;27.928;27.928;0
21/07/2022 00:00;28.03;28.03;0
22/07/2022 00:00;28.063;28.063;0
25/07/2022 00:00;28.166;28.166;0
26/07/2022 00:00;28.055;28.055;0
27/07/2022 00:00;28.262;28.262;0
28/07/2022 00:00;28.615;28.615;0
29/07/2022 00:00;29.171;29.171;0
01/08/2022 00:00;29.045;29.045;0
02/08/2022 00:00;28.93;28.93;0
03/08/2022 00:00;29.233;29.233;0
04/08/2022 00:00;29.425;29.425;0
05/08/2022 00:00;29.235;29.235;0
08/08/2022 00:00;29.5;29.5;0
09/08/2022 00:00;29.327;29.327;0
10/08/2022 00:00;29.485;29.485;0
11/08/2022 00:00;29.554;29.554;0
12/08/2022 00:00;29.631;29.631;0
15/08/2022 00:00;29.698;29.698;0
16/08/2022 00:00;29.795;29.795;0
17/08/2022 00:00;29.477;29.477;0
18/08/2022 00:00;29.623;29.623;0
19/08/2022 00:00;29.325;29.325;0
22/08/2022 00:00;28.775;28.775;0
23/08/2022 00:00;28.725;28.725;0
24/08/2022 00:00;28.85;28.85;0
25/08/2022 00:00;28.82;28.82;0
26/08/2022 00:00;28.337;28.337;0
29/08/2022 00:00;28.11;28.11;0
30/08/2022 00:00;28.055;28.055;0
31/08/2022 00:00;27.661;27.661;0
01/09/2022 00:00;27.262;27.262;0
02/09/2022 00:00;27.881;27.881;0
05/09/2022 00:00;27.51;27.51;0
06/09/2022 00:00;27.575;27.575;0
07/09/2022 00:00;27.58;27.58;0
08/09/2022 00:00;27.649;27.649;0
09/09/2022 00:00;28.064;28.064;0
12/09/2022 00:00;28.586;28.586;0
13/09/2022 00:00;28.194;28.194;0
14/09/2022 00:00;28.087;28.087;0
15/09/2022 00:00;27.805;27.805;0
16/09/2022 00:00;27.445;27.445;0
19/09/2022 00:00;27.372;27.372;0
20/09/2022 00:00;26.986;26.986;0
21/09/2022 00:00;27.25;27.25;0
22/09/2022 00:00;26.754;26.754;0
23/09/2022 00:00;26.16;26.16;0
26/09/2022 00:00;26.1;26.1;0
27/09/2022 00:00;26.045;26.045;0
28/09/2022 00:00;26.08;26.08;0
29/09/2022 00:00;25.68;25.68;0
30/09/2022 00:00;26.045;26.045;0
03/10/2022 00:00;26.164;26.164;0
04/10/2022 00:00;27.28;27.28;0
05/10/2022 00:00;27.02;27.02;0
06/10/2022 00:00;26.811;26.811;0
07/10/2022 00:00;26.52;26.52;0
10/10/2022 00:00;26.391;26.391;0
11/10/2022 00:00;26.348;26.348;0
12/10/2022 00:00;26.291;26.291;0
13/10/2022 00:00;26.559;26.559;0
14/10/2022 00:00;26.799;26.799;0
17/10/2022 00:00;27.292;27.292;0
18/10/2022 00:00;27.415;27.415;0
19/10/2022 00:00;27.32;27.32;0
20/10/2022 00:00;27.495;27.495;0
21/10/2022 00:00;27.275;27.275;0
24/10/2022 00:00;27.707;27.707;0
25/10/2022 00:00;28.25;28.25;0
26/10/2022 00:00;28.38;28.38;0
27/10/2022 00:00;28.23;28.23;0
28/10/2022 00:00;28.31;28.31;0
31/10/2022 00:00;28.302;28.302;0
01/11/2022 00:00;28.596;28.596;0
02/11/2022 00:00;28.369;28.369;0
03/11/2022 00:00;28.211;28.211;0
04/11/2022 00:00;28.988;28.988;0
07/11/2022 00:00;28.998;28.998;0
08/11/2022 00:00;29.115;29.115;0
09/11/2022 00:00;29.058;29.058;0
10/11/2022 00:00;29.635;29.635;0
11/11/2022 00:00;29.791;29.791;0
14/11/2022 00:00;29.86;29.86;0
15/11/2022 00:00;30.014;30.014;0
16/11/2022 00:00;29.847;29.847;0
17/11/2022 00:00;29.699;29.699;0
18/11/2022 00:00;30.004;30.004;0
21/11/2022 00:00;29.975;29.975;0
22/11/2022 00:00;30.07;30.07;0
23/11/2022 00:00;30.177;30.177;0
24/11/2022 00:00;30.302;30.302;0
25/11/2022 00:00;30.339;30.339;0
28/11/2022 00:00;30.128;30.128;0
29/11/2022 00:00;30.127;30.127;0
30/11/2022 00:00;30.45;30.45;0
01/12/2022 00:00;30.554;30.554;0
02/12/2022 00:00;30.501;30.501;0
05/12/2022 00:00;30.297;30.297;0
06/12/2022 00:00;30.229;30.229;0
07/12/2022 00:00;30.232;30.232;0
08/12/2022 00:00;30.133;30.133;0
09/12/2022 00:00;30.221;30.221;0
12/12/2022 00:00;30.11;30.11;0
13/12/2022 00:00;30.538;30.538;0
14/12/2022 00:00;30.471;30.471;0
15/12/2022 00:00;29.516;29.516;0
16/12/2022 00:00;29.236;29.236;0
19/12/2022 00:00;29.301;29.301;0
20/12/2022 00:00;29.219;29.219;0
21/12/2022 00:00;29.84;29.84;0
22/12/2022 00:00;29.52;29.52;0
23/12/2022 00:00;29.489;29.489;0
27/12/2022 00:00;29.782;29.782;0
28/12/2022 00:00;29.568;29.568;0
29/12/2022 00:00;29.837;29.837;0
30/12/2022 00:00;29.389;29.389;0
02/01/2023 00:00;29.949;29.949;0
03/01/2023 00:00;30.055;30.055;0
04/01/2023 00:00;30.733;30.733;0
05/01/2023 00:00;30.711;30.711;0
06/01/2023 00:00;31.163;31.163;0
09/01/2023 00:00;31.44;31.44;0
10/01/2023 00:00;31.174;31.174;0
11/01/2023 00:00;31.435;31.435;0
12/01/2023 00:00;31.655;31.655;0
13/01/2023 00:00;31.888;31.888;0
16/01/2023 00:00;31.975;31.975;0
17/01/2023 00:00;32.107;32.107;0
18/01/2023 00:00;32.13;32.13;0
19/01/2023 00:00;31.565;31.565;0
20/01/2023 00:00;31.717;31.717;0
23/01/2023 00:00;31.881;31.881;0
24/01/2023 00:00;31.933;31.933;0
25/01/2023 00:00;31.914;31.914;0
26/01/2023 00:00;32.143;32.143;0
27/01/2023 00:00;32.16;32.16;0
30/01/2023 00:00;32.095;32.095;0
31/01/2023 00:00;32.098;32.098;0
01/02/2023 00:00;32.06;32.06;0
02/02/2023 00:00;32.49;32.49;0
03/02/2023 00:00;32.777;32.777;0
06/02/2023 00:00;32.357;32.357;0
07/02/2023 00:00;32.326;32.326;0
08/02/2023 00:00;32.249;32.249;0
09/02/2023 00:00;32.581;32.581;0
10/02/2023 00:00;32.302;32.302;0
13/02/2023 00:00;32.682;32.682;0
14/02/2023 00:00;32.745;32.745;0
15/02/2023 00:00;33.12;33.12;0
16/02/2023 00:00;33.414;33.414;0
17/02/2023 00:00;33.311;33.311;0
20/02/2023 00:00;33.263;33.263;0
21/02/2023 00:00;33.104;33.104;0
22/02/2023 00:00;33.065;33.065;0
23/02/2023 00:00;33.147;33.147;0
24/02/2023 00:00;32.55;32.55;0
27/02/2023 00:00;33.058;33.058;0
28/02/2023 00:00;32.895;32.895;0
01/03/2023 00:00;32.76;32.76;0
02/03/2023 00:00;32.993;32.993;0
03/03/2023 00:00;33.289;33.289;0
06/03/2023 00:00;33.419;33.419;0
07/03/2023 00:00;33.244;33.244;0
08/03/2023 00:00;33.19;33.19;0
09/03/2023 00:00;33.158;33.158;0
10/03/2023 00:00;32.705;32.705;0
13/03/2023 00:00;31.78;31.78;0
14/03/2023 00:00;32.361;32.361;0
15/03/2023 00:00;31.2;31.2;0
16/03/2023 00:00;31.815;31.815;0
17/03/2023 00:00;31.421;31.421;0
20/03/2023 00:00;31.801;31.801;0
21/03/2023 00:00;32.27;32.27;0
22/03/2023 00:00;32.35;32.35;0
23/03/2023 00:00;32.382;32.382;0
24/03/2023 00:00;31.814;31.814;0
27/03/2023 00:00;32.106;32.106;0
28/03/2023 00:00;32.157;32.157;0
29/03/2023 00:00;32.54;32.54;0
30/03/2023 00:00;32.97;32.97;0
31/03/2023 00:00;33.225;33.225;0
03/04/2023 00:00;33.325;33.325;0
04/04/2023 00:00;33.326;33.326;0
05/04/2023 00:00;33.176;33.176;0
06/04/2023 00:00;33.254;33.254;0
11/04/2023 00:00;33.515;33.515;0
12/04/2023 00:00;33.526;33.526;0
13/04/2023 00:00;33.929;33.929;0
14/04/2023 00:00;34.108;34.108;0
17/04/2023 00:00;34.027;34.027;0
18/04/2023 00:00;34.201;34.201;0
19/04/2023 00:00;34.261;34.261;0
20/04/2023 00:00;34.23;34.23;0
21/04/2023 00:00;34.38;34.38;0
24/04/2023 00:00;34.413;34.413;0
25/04/2023 00:00;34.313;34.313;0
26/04/2023 00:00;33.998;33.998;0
27/04/2023 00:00;34.137;34.137;0
28/04/2023 00:00;34.223;34.223;0
02/05/2023 00:00;33.691;33.691;0
03/05/2023 00:00;33.858;33.858;0
04/05/2023 00:00;33.577;33.577;0
05/05/2023 00:00;33.976;33.976;0
08/05/2023 00:00;34.06;34.06;0
09/05/2023 00:00;33.956;33.956;0
10/05/2023 00:00;33.76;33.76;0
11/05/2023 00:00;33.868;33.868;0
12/05/2023 00:00;34;34;0
15/05/2023 00:00;34.066;34.066;0
16/05/2023 00:00;34.004;34.004;0
17/05/2023 00:00;34.011;34.011;0
18/05/2023 00:00;34.23;34.23;0
19/05/2023 00:00;34.424;34.424;0
22/05/2023 00:00;34.46;34.46;0
23/05/2023 00:00;34.024;34.024;0
24/05/2023 00:00;33.442;33.442;0
25/05/2023 00:00;33.338;33.338;0
26/05/2023 00:00;33.763;33.763;0
29/05/2023 00:00;33.669;33.669;0
30/05/2023 00:00;33.394;33.394;0
31/05/2023 00:00;32.9;32.9;0
01/06/2023 00:00;33.08;33.08;0
02/06/2023 00:00;33.701;33.701;0
05/06/2023 00:00;33.381;33.381;0
06/06/2023 00:00;33.45;33.45;0
07/06/2023 00:00;33.405;33.405;0
08/06/2023 00:00;33.483;33.483;0
09/06/2023 00:00;33.451;33.451;0
12/06/2023 00:00;33.636;33.636;0
13/06/2023 00:00;33.859;33.859;0
14/06/2023 00:00;34.015;34.015;0
15/06/2023 00:00;33.817;33.817;0
16/06/2023 00:00;34.322;34.322;0
19/06/2023 00:00;33.935;33.935;0
20/06/2023 00:00;33.839;33.839;0
21/06/2023 00:00;33.709;33.709;0
22/06/2023 00:00;33.45;33.45;0
23/06/2023 00:00;33.241;33.241;0
26/06/2023 00:00;33.371;33.371;0
27/06/2023 00:00;33.515;33.515;0
28/06/2023 00:00;33.851;33.851;0
29/06/2023 00:00;33.97;33.97;0
30/06/2023 00:00;34.372;34.372;0
03/07/2023 00:00;34.379;34.379;0
04/07/2023 00:00;34.246;34.246;0
05/07/2023 00:00;33.973;33.973;0
06/07/2023 00:00;32.92;32.92;0
07/07/2023 00:00;33.011;33.011;0
10/07/2023 00:00;33.212;33.212;0
11/07/2023 00:00;33.562;33.562;0
12/07/2023 00:00;34.083;34.083;0
13/07/2023 00:00;34.243;34.243;0
14/07/2023 00:00;34.262;34.262;0
17/07/2023 00:00;33.885;33.885;0
18/07/2023 00:00;34.024;34.024;0
19/07/2023 00:00;34.067;34.067;0
20/07/2023 00:00;34.318;34.318;0
21/07/2023 00:00;34.537;34.537;0
24/07/2023 00:00;34.512;34.512;0
25/07/2023 00:00;34.456;34.456;0
26/07/2023 00:00;34.043;34.043;0
27/07/2023 00:00;34.734;34.734;0
28/07/2023 00:00;34.801;34.801;0
31/07/2023 00:00;34.866;34.866;0
01/08/2023 00:00;34.411;34.411;0
02/08/2023 00:00;33.937;33.937;0
03/08/2023 00:00;33.749;33.749;0
04/08/2023 00:00;34.023;34.023;0
07/08/2023 00:00;34.067;34.067;0
08/08/2023 00:00;33.805;33.805;0
09/08/2023 00:00;34.039;34.039;0
10/08/2023 00:00;34.539;34.539;0
11/08/2023 00:00;34.132;34.132;0
14/08/2023 00:00;34.184;34.184;0
15/08/2023 00:00;33.776;33.776;0
16/08/2023 00:00;33.758;33.758;0
17/08/2023 00:00;33.45;33.45;0
18/08/2023 00:00;33.305;33.305;0
21/08/2023 00:00;33.468;33.468;0
22/08/2023 00:00;33.654;33.654;0
23/08/2023 00:00;33.713;33.713;0
24/08/2023 00:00;33.516;33.516;0
25/08/2023 00:00;33.568;33.568;0
28/08/2023 00:00;34.072;34.072;0
29/08/2023 00:00;34.353;34.353;0
30/08/2023 00:00;34.27;34.27;0
31/08/2023 00:00;34.044;34.044;0
01/09/2023 00:00;33.961;33.961;0
04/09/2023 00:00;33.884;33.884;0
05/09/2023 00:00;33.751;33.751;0
06/09/2023 00:00;33.488;33.488;0
07/09/2023 00:00;33.492;33.492;0
08/09/2023 00:00;33.729;33.729;0
11/09/2023 00:00;33.861;33.861;0
12/09/2023 00:00;33.723;33.723;0
13/09/2023 00:00;33.59;33.59;0
14/09/2023 00:00;33.994;33.994;0
15/09/2023 00:00;34.316;34.316;0
18/09/2023 00:00;33.809;33.809;0
19/09/2023 00:00;33.846;33.846;0
20/09/2023 00:00;34.112;34.112;0
21/09/2023 00:00;33.596;33.596;0
22/09/2023 00:00;33.444;33.444;0
25/09/2023 00:00;33.174;33.174;0
26/09/2023 00:00;32.925;32.925;0
27/09/2023 00:00;32.899;32.899;0
28/09/2023 00:00;33.085;33.085;0
29/09/2023 00:00;33.206;33.206;0
02/10/2023 00:00;32.89;32.89;0
03/10/2023 00:00;32.587;32.587;0
04/10/2023 00:00;32.517;32.517;0
05/10/2023 00:00;32.574;32.574;0
06/10/2023 00:00;32.853;32.853;0
09/10/2023 00:00;32.667;32.667;0
10/10/2023 00:00;33.349;33.349;0
11/10/2023 00:00;33.169;33.169;0
12/10/2023 00:00;33.039;33.039;0
13/10/2023 00:00;32.584;32.584;0
16/10/2023 00:00;32.678;32.678;0
17/10/2023 00:00;32.732;32.732;0
18/10/2023 00:00;32.406;32.406;0
19/10/2023 00:00;32.206;32.206;0
20/10/2023 00:00;31.733;31.733;0
23/10/2023 00:00;31.868;31.868;0
24/10/2023 00:00;32.075;32.075;0
25/10/2023 00:00;32.174;32.174;0
26/10/2023 00:00;32.038;32.038;0
27/10/2023 00:00;31.661;31.661;0
30/10/2023 00:00;31.802;31.802;0
31/10/2023 00:00;32.097;32.097;0
01/11/2023 00:00;32.276;32.276;0
02/11/2023 00:00;32.876;32.876;0
03/11/2023 00:00;32.827;32.827;0
06/11/2023 00:00;32.694;32.694;0
07/11/2023 00:00;32.579;32.579;0
08/11/2023 00:00;32.791;32.791;0
09/11/2023 00:00;33.13;33.13;0
10/11/2023 00:00;32.822;32.822;0
13/11/2023 00:00;33.04;33.04;0
14/11/2023 00:00;33.515;33.515;0
15/11/2023 00:00;33.597;33.597;0
16/11/2023 00:00;33.44;33.44;0
17/11/2023 00:00;33.731;33.731;0
20/11/2023 00:00;33.778;33.778;0
21/11/2023 00:00;33.674;33.674;0
22/11/2023 00:00;33.837;33.837;0
23/11/2023 00:00;33.94;33.94;0
24/11/2023 00:00;34.01;34.01;0
27/11/2023 00:00;33.887;33.887;0
28/11/2023 00:00;33.83;33.83;0
29/11/2023 00:00;33.916;33.916;0
30/11/2023 00:00;34.068;34.068;0
01/12/2023 00:00;34.249;34.249;0
04/12/2023 00:00;34.225;34.225;0
05/12/2023 00:00;34.498;34.498;0
06/12/2023 00:00;34.716;34.716;0
07/12/2023 00:00;34.67;34.67;0
08/12/2023 00:00;35.15;35.15;0
11/12/2023 00:00;35.218;35.218;0
12/12/2023 00:00;35.209;35.209;0
13/12/2023 00:00;35.145;35.145;0
14/12/2023 00:00;35.351;35.351;0
15/12/2023 00:00;35.494;35.494;0
18/12/2023 00:00;35.323;35.323;0
19/12/2023 00:00;35.367;35.367;0
20/12/2023 00:00;35.377;35.377;0
21/12/2023 00:00;35.361;35.361;0
22/12/2023 00:00;35.359;35.359;0
27/12/2023 00:00;35.409;35.409;0
28/12/2023 00:00;35.19;35.19;0
29/12/2023 00:00;35.185;35.185;0
02/01/2024 00:00;35.218;35.218;0
03/01/2024 00:00;34.634;34.634;0
04/01/2024 00:00;34.819;34.819;0
05/01/2024 00:00;34.704;34.704;0
08/01/2024 00:00;34.791;34.791;0
09/01/2024 00:00;34.677;34.677;0
10/01/2024 00:00;34.665;34.665;0
11/01/2024 00:00;34.493;34.493;0
12/01/2024 00:00;34.859;34.859;0
15/01/2024 00:00;34.609;34.609;0
16/01/2024 00:00;34.577;34.577;0
17/01/2024 00:00;34.208;34.208;0
18/01/2024 00:00;34.571;34.571;0
19/01/2024 00:00;34.426;34.426;0
22/01/2024 00:00;34.631;34.631;0
23/01/2024 00:00;34.541;34.541;0
24/01/2024 00:00;34.845;34.845;0
25/01/2024 00:00;34.866;34.866;0
26/01/2024 00:00;35.651;35.651;0
29/01/2024 00:00;35.699;35.699;0
30/01/2024 00:00;35.897;35.897;0
31/01/2024 00:00;35.775;35.775;0
01/02/2024 00:00;35.495;35.495;0
02/02/2024 00:00;35.489;35.489;0
05/02/2024 00:00;35.503;35.503;0
06/02/2024 00:00;35.718;35.718;0
07/02/2024 00:00;35.583;35.583;0
08/02/2024 00:00;35.854;35.854;0
09/02/2024 00:00;35.754;35.754;0
12/02/2024 00:00;35.972;35.972;0
13/02/2024 00:00;35.67;35.67;0
14/02/2024 00:00;35.904;35.904;0
15/02/2024 00:00;36.205;36.205;0
16/02/2024 00:00;36.309;36.309;0
19/02/2024 00:00;36.308;36.308;0
20/02/2024 00:00;36.469;36.469;0
21/02/2024 00:00;36.529;36.529;0
22/02/2024 00:00;36.972;36.972;0
23/02/2024 00:00;37.277;37.277;0
26/02/2024 00:00;37.062;37.062;0
27/02/2024 00:00;37.164;37.164;0
28/02/2024 00:00;37.18;37.18;0
29/02/2024 00:00;37.07;37.07;0
01/03/2024 00:00;37.081;37.081;0
04/03/2024 00:00;37.162;37.162;0
05/03/2024 00:00;37.076;37.076;0
06/03/2024 00:00;37.162;37.162;0
07/03/2024 00:00;37.464;37.464;0
08/03/2024 00:00;37.553;37.553;0
11/03/2024 00:00;37.488;37.488;0
12/03/2024 00:00;37.808;37.808;0
13/03/2024 00:00;38.061;38.061;0
14/03/2024 00:00;38.035;38.035;0
15/03/2024 00:00;38.07;38.07;0
18/03/2024 00:00;38.02;38.02;0
19/03/2024 00:00;38.326;38.326;0
20/03/2024 00:00;38.174;38.174;0
21/03/2024 00:00;38.256;38.256;0
22/03/2024 00:00;38.138;38.138;0
25/03/2024 00:00;38.134;38.134;0
26/03/2024 00:00;38.294;38.294;0
27/03/2024 00:00;38.36;38.36;0
28/03/2024 00:00;38.362;38.362;0
02/04/2024 00:00;37.94;37.94;0
03/04/2024 00:00;38.115;38.115;0
04/04/2024 00:00;38.047;38.047;0
05/04/2024 00:00;37.602;37.602;0
08/04/2024 00:00;37.907;37.907;0
09/04/2024 00:00;37.591;37.591;0
10/04/2024 00:00;37.559;37.559;0
11/04/2024 00:00;37.445;37.445;0
12/04/2024 00:00;37.393;37.393;0
15/04/2024 00:00;37.526;37.526;0
16/04/2024 00:00;37.019;37.019;0
17/04/2024 00:00;37.28;37.28;0
18/04/2024 00:00;37.485;37.485;0
19/04/2024 00:00;37.479;37.479;0
22/04/2024 00:00;37.688;37.688;0
23/04/2024 00:00;38.004;38.004;0
24/04/2024 00:00;37.915;37.915;0
25/04/2024 00:00;37.561;37.561;0
26/04/2024 00:00;37.955;37.955;0
29/04/2024 00:00;37.85;37.85;0
30/04/2024 00:00;37.639;37.639;0
02/05/2024 00:00;37.306;37.306;0
03/05/2024 00:00;37.53;37.53;0
06/05/2024 00:00;37.747;37.747;0
07/05/2024 00:00;38.104;38.104;0
08/05/2024 00:00;38.416;38.416;0
09/05/2024 00:00;38.613;38.613;0
10/05/2024 00:00;38.852;38.852;0
13/05/2024 00:00;38.837;38.837;0
14/05/2024 00:00;38.923;38.923;0
15/05/2024 00:00;39.016;39.016;0
16/05/2024 00:00;38.822;38.822;0
17/05/2024 00:00;38.733;38.733;0
20/05/2024 00:00;38.853;38.853;0
21/05/2024 00:00;38.639;38.639;0
22/05/2024 00:00;38.495;38.495;0
23/05/2024 00:00;38.535;38.535;0
24/05/2024 00:00;38.524;38.524;0
27/05/2024 00:00;38.72;38.72;0
28/05/2024 00:00;38.412;38.412;0
29/05/2024 00:00;37.935;37.935;0
30/05/2024 00:00;38.133;38.133;0
31/05/2024 00:00;38.201;38.201;0
03/06/2024 00:00;38.245;38.245;0
04/06/2024 00:00;37.93;37.93;0
05/06/2024 00:00;38.271;38.271;0
06/06/2024 00:00;38.416;38.416;0
07/06/2024 00:00;38.265;38.265;0
10/06/2024 00:00;37.81;37.81;0
11/06/2024 00:00;37.312;37.312;0
12/06/2024 00:00;37.644;37.644;0
13/06/2024 00:00;36.806;36.806;0
14/06/2024 00:00;35.853;35.853;0
17/06/2024 00:00;36.188;36.188;0
18/06/2024 00:00;36.461;36.461;0
19/06/2024 00:00;36.229;36.229;0
20/06/2024 00:00;36.751;36.751;0
21/06/2024 00:00;36.54;36.54;0
24/06/2024 00:00;36.938;36.938;0
25/06/2024 00:00;36.717;36.717;0
26/06/2024 00:00;36.496;36.496;0
27/06/2024 00:00;36.088;36.088;0
28/06/2024 00:00;35.87;35.87;0
01/07/2024 00:00;36.259;36.259;0
02/07/2024 00:00;36.111;36.111;0
03/07/2024 00:00;36.576;36.576;0
04/07/2024 00:00;36.897;36.897;0
05/07/2024 00:00;36.799;36.799;0
08/07/2024 00:00;36.579;36.579;0
09/07/2024 00:00;35.949;35.949;0
10/07/2024 00:00;36.305;36.305;0
11/07/2024 00:00;36.567;36.567;0
12/07/2024 00:00;37.032;37.032;0
15/07/2024 00:00;36.58;36.58;0
16/07/2024 00:00;36.333;36.333;0
17/07/2024 00:00;36.329;36.329;0
18/07/2024 00:00;36.376;36.376;0
19/07/2024 00:00;36.121;36.121;0
22/07/2024 00:00;36.546;36.546;0
23/07/2024 00:00;36.439;36.439;0
24/07/2024 00:00;36.032;36.032;0
25/07/2024 00:00;35.615;35.615;0
26/07/2024 00:00;36.056;36.056;0
29/07/2024 00:00;35.69;35.69;0
30/07/2024 00:00;35.845;35.845;0
31/07/2024 00:00;36.138;36.138;0
01/08/2024 00:00;35.319;35.319;0
02/08/2024 00:00;34.753;34.753;0
05/08/2024 00:00;34.284;34.284;0
06/08/2024 00:00;34.191;34.191;0
07/08/2024 00:00;34.847;34.847;0
08/08/2024 00:00;34.757;34.757;0
09/08/2024 00:00;34.87;34.87;0
12/08/2024 00:00;34.765;34.765;0
13/08/2024 00:00;34.884;34.884;0
14/08/2024 00:00;35.157;35.157;0
15/08/2024 00:00;35.583;35.583;0
16/08/2024 00:00;35.736;35.736;0
19/08/2024 00:00;35.974;35.974;0
20/08/2024 00:00;35.9;35.9;0
21/08/2024 00:00;36.092;36.092;0
22/08/2024 00:00;36.093;36.093;0
23/08/2024 00:00;36.331;36.331;0
26/08/2024 00:00;36.393;36.393;0
27/08/2024 00:00;36.277;36.277;0
28/08/2024 00:00;36.328;36.328;0
29/08/2024 00:00;36.625;36.625;0
30/08/2024 00:00;36.58;36.58;0
02/09/2024 00:00;36.657;36.657;0
03/09/2024 00:00;36.318;36.318;0
04/09/2024 00:00;35.946;35.946;0
05/09/2024 00:00;35.636;35.636;0
06/09/2024 00:00;35.24;35.24;0
09/09/2024 00:00;35.589;35.589;0
10/09/2024 00:00;35.478;35.478;0
11/09/2024 00:00;35.451;35.451;0
12/09/2024 00:00;35.557;35.557;0
13/09/2024 00:00;35.724;35.724;0
16/09/2024 00:00;35.642;35.642;0
17/09/2024 00:00;35.822;35.822;0
18/09/2024 00:00;35.625;35.625;0
19/09/2024 00:00;36.439;36.439;0
20/09/2024 00:00;35.895;35.895;0
23/09/2024 00:00;35.934;35.934;0
24/09/2024 00:00;36.396;36.396;0
25/09/2024 00:00;36.19;36.19;0
26/09/2024 00:00;37.078;37.078;0
27/09/2024 00:00;37.335;37.335;0
30/09/2024 00:00;36.56;36.56;0
01/10/2024 00:00;36.255;36.255;0
02/10/2024 00:00;36.25;36.25;0
03/10/2024 00:00;35.788;35.788;0
04/10/2024 00:00;36.087;36.087;0
07/10/2024 00:00;36.27;36.27;0
08/10/2024 00:00;36.017;36.017;0
09/10/2024 00:00;36.209;36.209;0
10/10/2024 00:00;36.114;36.114;0
11/10/2024 00:00;36.278;36.278;0
14/10/2024 00:00;36.365;36.365;0
15/10/2024 00:00;36.007;36.007;0
16/10/2024 00:00;35.888;35.888;0
17/10/2024 00:00;36.325;36.325;0
18/10/2024 00:00;36.456;36.456;0
21/10/2024 00:00;36.085;36.085;0
22/10/2024 00:00;36.082;36.082;0
23/10/2024 00:00;35.921;35.921;0
24/10/2024 00:00;35.976;35.976;0
25/10/2024 00:00;35.927;35.927;0
28/10/2024 00:00;36.213;36.213;0
29/10/2024 00:00;35.985;35.985;0
30/10/2024 00:00;35.601;35.601;0
31/10/2024 00:00;35.202;35.202;0
01/11/2024 00:00;35.521;35.521;0
04/11/2024 00:00;35.39;35.39;0
05/11/2024 00:00;35.496;35.496;0
06/11/2024 00:00;35.355;35.355;0
07/11/2024 00:00;35.588;35.588;0
08/11/2024 00:00;35.163;35.163;0
11/11/2024 00:00;35.581;35.581;0
12/11/2024 00:00;34.645;34.645;0
13/11/2024 00:00;34.601;34.601;0
14/11/2024 00:00;35.063;35.063;0
15/11/2024 00:00;34.845;34.845;0
18/11/2024 00:00;34.89;34.89;0
19/11/2024 00:00;34.662;34.662;0
20/11/2024 00:00;34.51;34.51;0
21/11/2024 00:00;34.587;34.587;0
22/11/2024 00:00;34.778;34.778;0
25/11/2024 00:00;34.813;34.813;0
26/11/2024 00:00;34.493;34.493;0
27/11/2024 00:00;34.271;34.271;0
28/11/2024 00:00;34.436;34.436;0
29/11/2024 00:00;34.671;34.671;0
02/12/2024 00:00;34.725;34.725;0
03/12/2024 00:00;34.815;34.815;0
04/12/2024 00:00;35.014;35.014;0
05/12/2024 00:00;35.153;35.153;0
06/12/2024 00:00;35.608;35.608;0
09/12/2024 00:00;35.86;35.86;0
10/12/2024 00:00;35.457;35.457;0
11/12/2024 00:00;35.612;35.612;0
12/12/2024 00:00;35.629;35.629;0
13/12/2024 00:00;35.576;35.576;0
16/12/2024 00:00;35.27;35.27;0
17/12/2024 00:00;35.391;35.391;0
18/12/2024 00:00;35.469;35.469;0
19/12/2024 00:00;35.04;35.04;0
20/12/2024 00:00;34.995;34.995;0
23/12/2024 00:00;34.975;34.975;0
24/12/2024 00:00;35.19;35.19;0
27/12/2024 00:00;35.35;35.35;0
30/12/2024 00:00;35.14;35.14;0
31/12/2024 00:00;35.64;35.64;0
02/01/2025 00:00;35.57;35.57;0
03/01/2025 00:00;35.015;35.015;0
06/01/2025 00:00;35.815;35.815;0
07/01/2025 00:00;36.04;36.04;0
08/01/2025 00:00;35.84;35.84;0
09/01/2025 00:00;36.025;36.025;0
10/01/2025 00:00;35.72;35.72;0
13/01/2025 00:00;35.605;35.605;0
14/01/2025 00:00;35.695;35.695;0
15/01/2025 00:00;35.94;35.94;0
16/01/2025 00:00;36.675;36.675;0
17/01/2025 00:00;37.015;37.015;0
20/01/2025 00:00;37.12;37.12;0
21/01/2025 00:00;37.3;37.3;0
22/01/2025 00:00;37.675;37.675;0
23/01/2025 00:00;37.865;37.865;0
24/01/2025 00:00;38.03;38.03;0
27/01/2025 00:00;37.925;37.925;0
28/01/2025 00:00;37.875;37.875;0
29/01/2025 00:00;37.76;37.76;0
30/01/2025 00:00;38.095;38.095;0
31/01/2025 00:00;38.115;38.115;0
03/02/2025 00:00;37.67;37.67;0
04/02/2025 00:00;37.915;37.915;0
05/02/2025 00:00;37.85;37.85;0
06/02/2025 00:00;38.4;38.4;0
07/02/2025 00:00;38.235;38.235;0
10/02/2025 00:00;38.41;38.41;0
11/02/2025 00:00;38.51;38.51;0
12/02/2025 00:00;38.55;38.55;0
13/02/2025 00:00;39.155;39.155;0
14/02/2025 00:00;39.23;39.23;0
17/02/2025 00:00;39.29;39.29;0
18/02/2025 00:00;39.445;39.445;0
19/02/2025 00:00;38.935;38.935;0
20/02/2025 00:00;38.985;38.985;0
21/02/2025 00:00;39.145;39.145;0
24/02/2025 00:00;38.84;38.84;0
25/02/2025 00:00;38.635;38.635;0
26/02/2025 00:00;39.08;39.08;0
27/02/2025 00:00;38.895;38.895;0
28/02/2025 00:00;38.925;38.925;0
03/03/2025 00:00;39.385;39.385;0
04/03/2025 00:00;38.63;38.63;0
05/03/2025 00:00;39.235;39.235;0
06/03/2025 00:00;39.355;39.355;0
07/03/2025 00:00;38.995;38.995;0
10/03/2025 00:00;38.61;38.61;0
11/03/2025 00:00;38.1;38.1;0
12/03/2025 00:00;38.345;38.345;0
13/03/2025 00:00;38.085;38.085;0
14/03/2025 00:00;38.52;38.52;0
17/03/2025 00:00;38.735;38.735;0
18/03/2025 00:00;38.925;38.925;0
19/03/2025 00:00;39.205;39.205;0
20/03/2025 00:00;38.825;38.825;0
21/03/2025 00:00;38.57;38.57;0
24/03/2025 00:00;38.52;38.52;0
25/03/2025 00:00;38.905;38.905;0
26/03/2025 00:00;38.565;38.565;0
27/03/2025 00:00;38.35;38.35;0
28/03/2025 00:00;38.025;38.025;0
31/03/2025 00:00;37.43;37.43;0
01/04/2025 00:00;37.845;37.845;0
02/04/2025 00:00;37.75;37.75;0
03/04/2025 00:00;36.52;36.52;0
04/04/2025 00:00;34.98;34.98;0
07/04/2025 00:00;33.73;33.73;0
08/04/2025 00:00;34.24;34.24;0
09/04/2025 00:00;33.105;33.105;0
10/04/2025 00:00;34.375;34.375;0
11/04/2025 00:00;34.24;34.24;0
14/04/2025 00:00;35.01;35.01;0
15/04/2025 00:00;35.33;35.33;0
16/04/2025 00:00;35.305;35.305;0
17/04/2025 00:00;35.085;35.085;0
22/04/2025 00:00;35.35;35.35;0
23/04/2025 00:00;36.11;36.11;0
24/04/2025 00:00;36.235;36.235;0
25/04/2025 00:00;36.48;36.48;0
28/04/2025 00:00;36.655;36.655;0
29/04/2025 00:00;36.56;36.56;0
30/04/2025 00:00;36.75;36.75;0
02/05/2025 00:00;37.585;37.585;0
05/05/2025 00:00;37.545;37.545;0
06/05/2025 00:00;37.39;37.39;0
07/05/2025 00:00;37.05;37.05;0
08/05/2025 00:00;37.42;37.42;0
09/05/2025 00:00;37.66;37.66;0
12/05/2025 00:00;38.285;38.285;0
13/05/2025 00:00;38.445;38.445;0
14/05/2025 00:00;38.25;38.25;0
15/05/2025 00:00;38.33;38.33;0
16/05/2025 00:00;38.505;38.505;0
19/05/2025 00:00;38.62;38.62;0
20/05/2025 00:00;38.95;38.95;0
21/05/2025 00:00;38.795;38.795;0
22/05/2025 00:00;38.505;38.505;0
23/05/2025 00:00;37.875;37.875;0
26/05/2025 00:00;38.41;38.41;0
27/05/2025 00:00;38.42;38.42;0
28/05/2025 00:00;38.21;38.21;0
29/05/2025 00:00;38.195;38.195;0
30/05/2025 00:00;38.055;38.055;0
02/06/2025 00:00;38;38;0
03/06/2025 00:00;38.125;38.125;0
04/06/2025 00:00;38.325;38.325;0
05/06/2025 00:00;38.255;38.255;0
06/06/2025 00:00;38.335;38.335;0
09/06/2025 00:00;38.315;38.315;0
10/06/2025 00:00;38.33;38.33;0
11/06/2025 00:00;38.215;38.215;0
12/06/2025 00:00;38.165;38.165;0
13/06/2025 00:00;37.76;37.76;0
16/06/2025 00:00;38.055;38.055;0
17/06/2025 00:00;37.76;37.76;0
18/06/2025 00:00;37.615;37.615;0
19/06/2025 00:00;37.15;37.15;0
20/06/2025 00:00;37.345;37.345;0
23/06/2025 00:00;37.09;37.09;0
24/06/2025 00:00;37.47;37.47;0
25/06/2025 00:00;37.2;37.2;0
26/06/2025 00:00;37.195;37.195;0
27/06/2025 00:00;37.855;37.855;0
30/06/2025 00:00;37.74;37.74;0
01/07/2025 00:00;37.73;37.73;0
02/07/2025 00:00;38.105;38.105;0
03/07/2025 00:00;38.18;38.18;0
04/07/2025 00:00;37.885;37.885;0
07/07/2025 00:00;38.025;38.025;0
08/07/2025 00:00;38.235;38.235;0
09/07/2025 00:00;38.785;38.785;0
10/07/2025 00:00;38.915;38.915;0
11/07/2025 00:00;38.545;38.545;0
14/07/2025 00:00;38.435;38.435;0
15/07/2025 00:00;38.235;38.235;0
16/07/2025 00:00;38.025;38.025;0
17/07/2025 00:00;38.525;38.525;0
18/07/2025 00:00;38.52;38.52;0
21/07/2025 00:00;38.415;38.415;0
22/07/2025 00:00;38.115;38.115;0
23/07/2025 00:00;38.66;38.66;0
24/07/2025 00:00;38.5;38.5;0
25/07/2025 00:00;38.605;38.605;0
28/07/2025 00:00;38.445;38.445;0
29/07/2025 00:00;38.72;38.72;0
30/07/2025 00:00;38.74;38.74;0
31/07/2025 00:00;38.295;38.295;0
01/08/2025 00:00;37.155;37.155;0
04/08/2025 00:00;37.585;37.585;0
05/08/2025 00:00;37.545;37.545;0
06/08/2025 00:00;37.615;37.615;0
07/08/2025 00:00;37.99;37.99;0
08/08/2025 00:00;38.125;38.125;0
11/08/2025 00:00;37.905;37.905;0
12/08/2025 00:00;38.17;38.17;0
13/08/2025 00:00;38.45;38.45;0
14/08/2025 00:00;38.76;38.76;0
15/08/2025 00:00;39.015;39.015;0
18/08/2025 00:00;38.82;38.82;0
19/08/2025 00:00;39.29;39.29;0
20/08/2025 00:00;39.255;39.255;0
21/08/2025 00:00;39.09;39.09;0
22/08/2025 00:00;39.245;39.245;0
25/08/2025 00:00;38.6;38.6;0
26/08/2025 00:00;37.97;37.97;0
27/08/2025 00:00;38.125;38.125;0
28/08/2025 00:00;38.22;38.22;0
29/08/2025 00:00;37.915;37.915;0
01/09/2025 00:00;37.93;37.93;0
02/09/2025 00:00;37.66;37.66;0
03/09/2025 00:00;38;38;0
04/09/2025 00:00;37.91;37.91;0
05/09/2025 00:00;37.805;37.805;0
08/09/2025 00:00;38.095;38.095;0
09/09/2025 00:00;38.155;38.155;0
10/09/2025 00:00;38.2;38.2;0
11/09/2025 00:00;38.525;38.525;0
12/09/2025 00:00;38.505;38.505;0
15/09/2025 00:00;38.85;38.85;0
16/09/2025 00:00;38.46;38.46;0
17/09/2025 00:00;38.32;38.32;0
18/09/2025 00:00;38.665;38.665;0
19/09/2025 00:00;38.655;38.655;0
22/09/2025 00:00;38.55;38.55;0
23/09/2025 00:00;38.78;38.78;0
24/09/2025 00:00;38.53;38.53;0
25/09/2025 00:00;38.375;38.375;0
26/09/2025 00:00;38.825;38.825;0
29/09/2025 00:00;38.865;38.865;0
30/09/2025 00:00;38.905;38.905;0
01/10/2025 00:00;39.305;39.305;0
02/10/2025 00:00;39.735;39.735;0
03/10/2025 00:00;39.85;39.85;0
06/10/2025 00:00;39.33;39.33;0
07/10/2025 00:00;39.37;39.37;0
08/10/2025 00:00;39.765;39.765;0
09/10/2025 00:00;39.665;39.665;0
10/10/2025 00:00;39.03;39.03;0
13/10/2025 00:00;39.175;39.175;0
14/10/2025 00:00;39.1;39.1;0
15/10/2025 00:00;39.87;39.87;0
16/10/2025 00:00;40.44;40.44;0
17/10/2025 00:00;40.36;40.36;0
20/10/2025 00:00;40.52;40.52;0
21/10/2025 00:00;40.81;40.81;0
22/10/2025 00:00;40.51;40.51;0
23/10/2025 00:00;40.575;40.575;0
24/10/2025 00:00;40.605;40.605;0
27/10/2025 00:00;40.675;40.675;0
28/10/2025 00:00;40.565;40.565;0
29/10/2025 00:00;40.475;40.475;0
30/10/2025 00:00;40.275;40.275;0
31/10/2025 00:00;40.11;40.11;0
03/11/2025 00:00;40.01;40.01;0
04/11/2025 00:00;39.825;39.825;0
05/11/2025 00:00;39.85;39.85;0
06/11/2025 00:00;39.295;39.295;0
07/11/2025 00:00;39.24;39.24;0
10/11/2025 00:00;39.77;39.77;0
11/11/2025 00:00;40.26;40.26;0
12/11/2025 00:00;40.685;40.685;0
13/11/2025 00:00;40.635;40.635;0
14/11/2025 00:00;40.34;40.34;0
17/11/2025 00:00;40.09;40.09;0
18/11/2025 00:00;39.34;39.34;0
19/11/2025 00:00;39.27;39.27;0
20/11/2025 00:00;39.375;39.375;0
21/11/2025 00:00;39.4;39.4;0
24/11/2025 00:00;39.32;39.32;0
25/11/2025 00:00;39.66;39.66;0
26/11/2025 00:00;39.98;39.98;0
27/11/2025 00:00;40.005;40.005;0
28/11/2025 00:00;40.1;40.1;0
01/12/2025 00:00;39.985;39.985;0
02/12/2025 00:00;39.9;39.9;0
03/12/2025 00:00;39.975;39.975;0
04/12/2025 00:00;40.12;40.12;0
05/12/2025 00:00;40.095;40.095;0
08/12/2025 00:00;40.055;40.055;0
09/12/2025 00:00;39.815;39.815;0
10/12/2025 00:00;39.655;39.655;0
11/12/2025 00:00;39.975;39.975;0
12/12/2025 00:00;39.885;39.885;0
15/12/2025 00:00;40.215;40.215;0
16/12/2025 00:00;40.08;40.08;0
17/12/2025 00:00;39.99;39.99;0
18/12/2025 00:00;40.325;40.325;0
19/12/2025 00:00;40.34;40.34;0
22/12/2025 00:00;40.145;40.145;0
23/12/2025 00:00;40.035;40.035;0
24/12/2025 00:00;40.08;40.08;0
29/12/2025 00:00;40.09;40.09;0
30/12/2025 00:00;40.385;40.385;0
31/12/2025 00:00;40.345;40.345;0
02/01/2026 00:00;40.54;40.54;0
05/01/2026 00:00;40.62;40.62;0
06/01/2026 00:00;40.735;40.735;0
07/01/2026 00:00;40.735;40.735;0
08/01/2026 00:00;40.77;40.77;0
09/01/2026 00:00;41.35;41.35;0
12/01/2026 00:00;41.34;41.34;0
13/01/2026 00:00;41.3;41.3;0
14/01/2026 00:00;41.21;41.21;0
15/01/2026 00:00;41.115;41.115;0
16/01/2026 00:00;40.84;40.84;0
19/01/2026 00:00;40.145;40.145;0
20/01/2026 00:00;39.875;39.875;0
21/01/2026 00:00;39.92;39.92;0
22/01/2026 00:00;40.285;40.285;0
23/01/2026 00:00;40.29;40.29;0
26/01/2026 00:00;40.245;40.245;0
27/01/2026 00:00;40.33;40.33;0
28/01/2026 00:00;39.885;39.885;0
29/01/2026 00:00;39.93;39.93;0
30/01/2026 00:00;40.185;40.185;0
02/02/2026 00:00;40.465;40.465;0
03/02/2026 00:00;40.475;40.475;0
04/02/2026 00:00;40.89;40.89;0
05/02/2026 00:00;40.73;40.73;0
06/02/2026 00:00;40.925;40.925;0
09/02/2026 00:00;41.135;41.135;0
10/02/2026 00:00;41.18;41.18;0
11/02/2026 00:00;41.13;41.13;0
12/02/2026 00:00;41.26;41.26;0
13/02/2026 00:00;41.085;41.085;0
16/02/2026 00:00;41.145;41.145;0
17/02/2026 00:00;41.345;41.345;0
18/02/2026 00:00;41.715;41.715;0
19/02/2026 00:00;41.55;41.55;0
20/02/2026 00:00;42.135;42.135;0
23/02/2026 00:00;42.02;42.02;0
24/02/2026 00:00;42.125;42.125;0
25/02/2026 00:00;42.31;42.31;0
26/02/2026 00:00;42.625;42.625;0
27/02/2026 00:00;42.42;42.42;0
02/03/2026 00:00;41.48;41.48;0
03/03/2026 00:00;40.08;40.08;0
04/03/2026 00:00;40.36;40.36;0
05/03/2026 00:00;39.77;39.77;0
06/03/2026 00:00;39.58;39.58;0
09/03/2026 00:00;39.22;39.22;0
10/03/2026 00:00;39.925;39.925;0
11/03/2026 00:00;39.805;39.805;0
12/03/2026 00:00;39.57;39.57;0
13/03/2026 00:00;39.17;39.17;0
16/03/2026 00:00;39.31;39.31;0
17/03/2026 00:00;39.54;39.54;0
18/03/2026 00:00;39.47;39.47;0
19/03/2026 00:00;38.69;38.69;0
20/03/2026 00:00;38.035;38.035;0
23/03/2026 00:00;38.29;38.29;0
24/03/2026 00:00;38.375;38.375;0
25/03/2026 00:00;38.9;38.9;0
26/03/2026 00:00;38.62;38.62;0
27/03/2026 00:00;38.205;38.205;0
30/03/2026 00:00;38.57;38.57;0
31/03/2026 00:00;38.815;38.815;0
01/04/2026 00:00;39.615;39.615;0
02/04/2026 00:00;39.505;39.505;0
07/04/2026 00:00;39.255;39.255;0
08/04/2026 00:00;41.095;41.095;0
09/04/2026 00:00;40.94;40.94;0
10/04/2026 00:00;41.02;41.02;0
13/04/2026 00:00;40.89;40.89;0
14/04/2026 00:00;41.355;41.355;0
15/04/2026 00:00;41.11;41.11;0
16/04/2026 00:00;41.02;41.02;0
17/04/2026 00:00;41.815;41.815;0
20/04/2026 00:00;41.34;41.34;0
21/04/2026 00:00;40.925;40.925;0
22/04/2026 00:00;40.5;40.5;0
23/04/2026 00:00;40.84;40.84;0
24/04/2026 00:00;40.515;40.515;0
27/04/2026 00:00;40.465;40.465;0
28/04/2026 00:00;40.375;40.375;0
29/04/2026 00:00;40.235;40.235;0
30/04/2026 00:00;40.485;40.485;0
04/05/2026 00:00;39.845;39.845;0
05/05/2026 00:00;40.455;40.455;0
06/05/2026 00:00;41.62;41.62;0
07/05/2026 00:00;41.09;41.09;0
08/05/2026 00:00;40.675;40.675;0
11/05/2026 00:00;40.57;40.57;0
12/05/2026 00:00;40.175;40.175;0
13/05/2026 00:00;40.29;40.29;0
14/05/2026 00:00;40.675;40.675;0
15/05/2026 00:00;40.03;40.03;0
18/05/2026 00:00;40.355;40.355;0
19/05/2026 00:00;40.29;40.29;0
20/05/2026 00:00;40.915;40.915;0
21/05/2026 00:00;40.745;40.745;0
22/05/2026 00:00;40.92;40.92;0
25/05/2026 00:00;41.64;41.64;0
26/05/2026 00:00;41.32;41.32;0
27/05/2026 00:00;41.455;41.455;0
28/05/2026 00:00;41.35;41.35;0
29/05/2026 00:00;41.41;41.41;0
01/06/2026 00:00;41.175;41.175;0
02/06/2026 00:00;41.505;41.505;0
03/06/2026 00:00;41.24;41.24;0
04/06/2026 00:00;41.725;41.725;0
05/06/2026 00:00;41.575;41.575;0
08/06/2026 00:00;41.505;41.505;0
09/06/2026 00:00;41.53;41.53;0
10/06/2026 00:00;41.42;41.42;0
11/06/2026 00:00;41.57;41.57;0
12/06/2026 00:00;42.295;42.295;0
15/06/2026 00:00;42.46;42.46;0
16/06/2026 00:00;42.815;42.815;0
17/06/2026 00:00;42.695;42.695;0
18/06/2026 00:00;42.89;42.89;0
19/06/2026 00:00;42.64;42.64;0
22/06/2026 00:00;42.53;42.53;0
23/06/2026 00:00;42.235;42.235;0
24/06/2026 00:00;42.445;42.445;0
25/06/2026 00:00;42.7;42.7;0
26/06/2026 00:00;42.44;42.44;0
29/06/2026 00:00;42.345;42.345;0
30/06/2026 00:00;42.59;42.59;0
01/07/2026 00:00;42.24;42.24;0
02/07/2026 00:00;42.94;42.94;0
03/07/2026 00:00;43.125;43.125;0
06/07/2026 00:00;42.96;42.96;0
07/07/2026 00:00;42.765;42.765;0
08/07/2026 00:00;41.775;41.775;0
09/07/2026 00:00;42.185;42.185;0
10/07/2026 00:00;42.245;42.245;0
13/07/2026 00:00;42.385;42.385;0
14/07/2026 00:00;42.365;42.365;0
15/07/2026 00:00;42.475;42.475;0
16/07/2026 00:00;42.435;42.435;0
17/07/2026 00:00;42.29;42.29;0
20/07/2026 00:00;42.27;42.27;0
21/07/2026 00:00;42.37;42.37;0
22/07/2026 00:00;42.775;42.775;0
23/07/2026 00:00;42.03;42.03;0
24/07/2026 00:00;42.455;42.455;0
27/07/2026 00:00;42.61;42.61;0
28/07/2026 00:00;42.86;42.86;0
29/07/2026 00:00;42.61;42.61;0
30/07/2026 00:00;42.99;42.99;0
31/07/2026 00:00;43.085;43.085;0
03/08/2026 00:00;43.675;43.675;0
04/08/2026 00:00;43.89;43.89;0
05/08/2026 00:00;43.93;43.93;0
