date;close;adjusted_close;dividend
05/08/2016 00:00;126.68;126.68;0
08/08/2016 00:00;126.65;126.65;0
09/08/2016 00:00;127.99;127.99;0
10/08/2016 00:00;127.51;127.51;0
11/08/2016 00:00;128.8;128.8;0
12/08/2016 00:00;128.45;128.45;0
15/08/2016 00:00;128.47;128.47;0
16/08/2016 00:00;127.49;127.49;0
17/08/2016 00:00;126.31;126.31;0
18/08/2016 00:00;127.39;127.39;0
19/08/2016 00:00;126.37;126.37;0
22/08/2016 00:00;126.44;126.44;0
23/08/2016 00:00;127.55;127.55;0
24/08/2016 00:00;128.11;128.11;0
25/08/2016 00:00;127.15;127.15;0
26/08/2016 00:00;127.75;127.75;0
29/08/2016 00:00;127.46;127.46;0
30/08/2016 00:00;128.17;128.17;0
31/08/2016 00:00;127.58;127.58;0
01/09/2016 00:00;127.67;127.67;0
02/09/2016 00:00;130.11;130.11;0
05/09/2016 00:00;130.38;130.38;0
06/09/2016 00:00;129.91;129.91;0
07/09/2016 00:00;130.42;130.42;0
08/09/2016 00:00;129.85;129.85;0
09/09/2016 00:00;128.33;128.33;0
12/09/2016 00:00;127.04;127.04;0
13/09/2016 00:00;125.69;125.69;0
14/09/2016 00:00;125.73;125.73;0
15/09/2016 00:00;126.56;126.56;0
16/09/2016 00:00;125.41;125.41;0
19/09/2016 00:00;126.84;126.84;0
20/09/2016 00:00;126.69;126.69;0
21/09/2016 00:00;127.13;127.13;0
22/09/2016 00:00;129.32;129.32;0
23/09/2016 00:00;128.3;128.3;0
26/09/2016 00:00;126.35;126.35;0
27/09/2016 00:00;126.67;126.67;0
28/09/2016 00:00;127.31;127.31;0
29/09/2016 00:00;127.52;127.52;0
30/09/2016 00:00;127.52;127.52;0
03/10/2016 00:00;127.52;127.52;0
04/10/2016 00:00;128.69;128.69;0
05/10/2016 00:00;127.96;127.96;0
06/10/2016 00:00;127.41;127.41;0
07/10/2016 00:00;126.12;126.12;0
10/10/2016 00:00;127.16;127.16;0
11/10/2016 00:00;126.38;126.38;0
12/10/2016 00:00;125.92;125.92;0
13/10/2016 00:00;124.84;124.84;0
14/10/2016 00:00;126.38;126.38;0
17/10/2016 00:00;125.66;125.66;0
18/10/2016 00:00;127.5;127.5;0
19/10/2016 00:00;127.91;127.91;0
20/10/2016 00:00;128.17;128.17;0
21/10/2016 00:00;128.25;128.25;0
24/10/2016 00:00;128.08;128.08;0
25/10/2016 00:00;127.69;127.69;0
26/10/2016 00:00;127.27;127.27;0
27/10/2016 00:00;127.31;127.31;0
28/10/2016 00:00;126.88;126.88;0
31/10/2016 00:00;126.19;126.19;0
01/11/2016 00:00;124.89;124.89;0
02/11/2016 00:00;123.4;123.4;0
03/11/2016 00:00;123.37;123.37;0
04/11/2016 00:00;122.22;122.22;0
07/11/2016 00:00;124.34;124.34;0
08/11/2016 00:00;124.7;124.7;0
09/11/2016 00:00;126.76;126.76;0
10/11/2016 00:00;126.4;126.4;0
11/11/2016 00:00;125.8;125.8;0
14/11/2016 00:00;126;126;0
15/11/2016 00:00;126.48;126.48;0
16/11/2016 00:00;126.23;126.23;0
17/11/2016 00:00;127.1;127.1;0
18/11/2016 00:00;126.56;126.56;0
21/11/2016 00:00;126.88;126.88;0
22/11/2016 00:00;127.14;127.14;0
23/11/2016 00:00;127.06;127.06;0
24/11/2016 00:00;127.52;127.52;0
25/11/2016 00:00;127.86;127.86;0
28/11/2016 00:00;126.74;126.74;0
29/11/2016 00:00;127.29;127.29;0
30/11/2016 00:00;127.73;127.73;0
01/12/2016 00:00;127.02;127.02;0
02/12/2016 00:00;126.49;126.49;0
05/12/2016 00:00;127.26;127.26;0
06/12/2016 00:00;128.54;128.54;0
07/12/2016 00:00;129.84;129.84;0
08/12/2016 00:00;131.3;131.3;0
09/12/2016 00:00;132.17;132.17;0
12/12/2016 00:00;132.06;132.06;0
13/12/2016 00:00;133.35;133.35;0
14/12/2016 00:00;132.61;132.61;0
15/12/2016 00:00;134;134;0
16/12/2016 00:00;134.29;134.29;0
19/12/2016 00:00;134.16;134.16;0
20/12/2016 00:00;134.9;134.9;0
21/12/2016 00:00;134.53;134.53;0
22/12/2016 00:00;134.36;134.36;0
23/12/2016 00:00;134.49;134.49;0
27/12/2016 00:00;134.57;134.57;0
28/12/2016 00:00;134.95;134.95;0
29/12/2016 00:00;134.63;134.63;0
30/12/2016 00:00;134.88;134.88;0
02/01/2017 00:00;136.14;136.14;0
03/01/2017 00:00;136.49;136.49;0
04/01/2017 00:00;136.42;136.42;0
05/01/2017 00:00;136.67;136.67;0
06/01/2017 00:00;136.53;136.53;0
09/01/2017 00:00;135.75;135.75;0
10/01/2017 00:00;135.91;135.91;0
11/01/2017 00:00;136.34;136.34;0
12/01/2017 00:00;135.45;135.45;0
13/01/2017 00:00;136.91;136.91;0
16/01/2017 00:00;135.73;135.73;0
17/01/2017 00:00;135.4;135.4;0
18/01/2017 00:00;135.71;135.71;0
19/01/2017 00:00;135.68;135.68;0
20/01/2017 00:00;135.66;135.66;0
23/01/2017 00:00;135.03;135.03;0
24/01/2017 00:00;135.4;135.4;0
25/01/2017 00:00;137.11;137.11;0
26/01/2017 00:00;137.4;137.4;0
27/01/2017 00:00;137.13;137.13;0
30/01/2017 00:00;135.67;135.67;0
31/01/2017 00:00;134.63;134.63;0
01/02/2017 00:00;135.94;135.94;0
02/02/2017 00:00;135.55;135.55;0
03/02/2017 00:00;136.3;136.3;0
06/02/2017 00:00;135.4;135.4;0
07/02/2017 00:00;135.86;135.86;0
08/02/2017 00:00;136.12;136.12;0
09/02/2017 00:00;137.21;137.21;0
10/02/2017 00:00;137.33;137.33;0
13/02/2017 00:00;138.41;138.41;0
14/02/2017 00:00;138.37;138.37;0
15/02/2017 00:00;138.94;138.94;0
16/02/2017 00:00;138.55;138.55;0
17/02/2017 00:00;138.6;138.6;0
20/02/2017 00:00;138.82;138.82;0
21/02/2017 00:00;139.7;139.7;0
22/02/2017 00:00;139.7;139.7;0
23/02/2017 00:00;139.74;139.74;0
24/02/2017 00:00;138.57;138.57;0
27/02/2017 00:00;138.31;138.31;0
28/02/2017 00:00;138.63;138.63;0
01/03/2017 00:00;140.73;140.73;0
02/03/2017 00:00;140.73;140.73;0
03/03/2017 00:00;140.7;140.7;0
06/03/2017 00:00;139.94;139.94;0
07/03/2017 00:00;139.77;139.77;0
08/03/2017 00:00;139.78;139.78;0
09/03/2017 00:00;140.09;140.09;0
10/03/2017 00:00;139.98;139.98;0
13/03/2017 00:00;140.67;140.67;0
14/03/2017 00:00;140.27;140.27;0
15/03/2017 00:00;140.77;140.77;0
16/03/2017 00:00;141.73;141.73;0
17/03/2017 00:00;142.13;142.13;0
20/03/2017 00:00;141.82;141.82;0
21/03/2017 00:00;141.19;141.19;0
22/03/2017 00:00;140.51;140.51;0
23/03/2017 00:00;141.7;141.7;0
24/03/2017 00:00;141.59;141.59;0
27/03/2017 00:00;141.01;141.01;0
28/03/2017 00:00;141.84;141.84;0
29/03/2017 00:00;142.31;142.31;0
30/03/2017 00:00;143.19;143.19;0
31/03/2017 00:00;143.62;143.62;0
03/04/2017 00:00;143.06;143.06;0
04/04/2017 00:00;143.08;143.08;0
05/04/2017 00:00;143.12;143.12;0
06/04/2017 00:00;143.47;143.47;0
07/04/2017 00:00;143.76;143.76;0
10/04/2017 00:00;143.6;143.6;0
11/04/2017 00:00;143.73;143.73;0
12/04/2017 00:00;143.94;143.94;0
13/04/2017 00:00;143.46;143.46;0
18/04/2017 00:00;141.84;141.84;0
19/04/2017 00:00;142.27;142.27;0
20/04/2017 00:00;142.58;142.58;0
21/04/2017 00:00;142.65;142.65;0
24/04/2017 00:00;145.74;145.74;0
25/04/2017 00:00;146.14;146.14;0
26/04/2017 00:00;146.69;146.69;0
27/04/2017 00:00;146.48;146.48;0
28/04/2017 00:00;146.23;146.23;0
02/05/2017 00:00;147.24;147.24;0
03/05/2017 00:00;147.23;147.23;0
04/05/2017 00:00;148.35;148.35;0
05/05/2017 00:00;149.32;149.32;0
08/05/2017 00:00;149.35;149.35;0
09/05/2017 00:00;149.93;149.93;0
10/05/2017 00:00;150.25;150.25;0
11/05/2017 00:00;149.62;149.62;0
12/05/2017 00:00;150.19;150.19;0
15/05/2017 00:00;150.35;150.35;0
16/05/2017 00:00;150.46;150.46;0
17/05/2017 00:00;148.56;148.56;0
18/05/2017 00:00;148;148;0
19/05/2017 00:00;148.89;148.89;0
22/05/2017 00:00;148.88;148.88;0
23/05/2017 00:00;149.2;149.2;0
24/05/2017 00:00;149.29;149.29;0
25/05/2017 00:00;149.75;149.75;0
26/05/2017 00:00;148.97;148.97;0
29/05/2017 00:00;148.99;148.99;0
30/05/2017 00:00;148.72;148.72;0
31/05/2017 00:00;148.45;148.45;0
01/06/2017 00:00;149.31;149.31;0
02/06/2017 00:00;149.66;149.66;0
05/06/2017 00:00;149.08;149.08;0
06/06/2017 00:00;148.47;148.47;0
07/06/2017 00:00;148.5;148.5;0
08/06/2017 00:00;148.47;148.47;0
09/06/2017 00:00;148.92;148.92;0
12/06/2017 00:00;147.42;147.42;0
13/06/2017 00:00;148.37;148.37;0
14/06/2017 00:00;147.77;147.77;0
15/06/2017 00:00;147.25;147.25;0
16/06/2017 00:00;148.33;148.33;0
19/06/2017 00:00;149.57;149.57;0
20/06/2017 00:00;148.47;148.47;0
21/06/2017 00:00;148.26;148.26;0
22/06/2017 00:00;148.33;148.33;0
23/06/2017 00:00;147.9;147.9;0
26/06/2017 00:00;148.43;148.43;0
27/06/2017 00:00;147.34;147.34;0
28/06/2017 00:00;147.24;147.24;0
29/06/2017 00:00;145.25;145.25;0
30/06/2017 00:00;144.84;144.84;0
03/07/2017 00:00;146.51;146.51;0
04/07/2017 00:00;145.81;145.81;0
05/07/2017 00:00;146.29;146.29;0
06/07/2017 00:00;145.33;145.33;0
07/07/2017 00:00;145.24;145.24;0
10/07/2017 00:00;145.87;145.87;0
11/07/2017 00:00;144.88;144.88;0
12/07/2017 00:00;147.04;147.04;0
13/07/2017 00:00;147.64;147.64;0
14/07/2017 00:00;147.78;147.78;0
17/07/2017 00:00;147.75;147.75;0
18/07/2017 00:00;146.24;146.24;0
19/07/2017 00:00;147.3;147.3;0
20/07/2017 00:00;146.71;146.71;0
21/07/2017 00:00;145.19;145.19;0
24/07/2017 00:00;144.9;144.9;0
25/07/2017 00:00;145.49;145.49;0
26/07/2017 00:00;146.21;146.21;0
27/07/2017 00:00;146.04;146.04;0
28/07/2017 00:00;144.52;144.52;0
31/07/2017 00:00;144.29;144.29;0
01/08/2017 00:00;145.23;145.23;0
02/08/2017 00:00;144.67;144.67;0
03/08/2017 00:00;144.8;144.8;0
04/08/2017 00:00;146.15;146.15;0
07/08/2017 00:00;146.04;146.04;0
08/08/2017 00:00;146.32;146.32;0
09/08/2017 00:00;145.28;145.28;0
10/08/2017 00:00;143.93;143.93;0
11/08/2017 00:00;142.33;142.33;0
14/08/2017 00:00;143.88;143.88;0
15/08/2017 00:00;144.05;144.05;0
16/08/2017 00:00;145.02;145.02;0
17/08/2017 00:00;144.3;144.3;0
18/08/2017 00:00;143.23;143.23;0
21/08/2017 00:00;142.7;142.7;0
22/08/2017 00:00;143.93;143.93;0
23/08/2017 00:00;143.15;143.15;0
24/08/2017 00:00;143.37;143.37;0
25/08/2017 00:00;143.15;143.15;0
28/08/2017 00:00;142.3;142.3;0
29/08/2017 00:00;141.02;141.02;0
30/08/2017 00:00;142.04;142.04;0
31/08/2017 00:00;143.15;143.15;0
01/09/2017 00:00;143.98;143.98;0
04/09/2017 00:00;143.19;143.19;0
05/09/2017 00:00;143.28;143.28;0
06/09/2017 00:00;143.15;143.15;0
07/09/2017 00:00;143.69;143.69;0
08/09/2017 00:00;143.93;143.93;0
11/09/2017 00:00;145.45;145.45;0
12/09/2017 00:00;146.08;146.08;0
13/09/2017 00:00;146.08;146.08;0
14/09/2017 00:00;146.32;146.32;0
15/09/2017 00:00;145.86;145.86;0
18/09/2017 00:00;146.33;146.33;0
19/09/2017 00:00;146.42;146.42;0
20/09/2017 00:00;146.28;146.28;0
21/09/2017 00:00;146.71;146.71;0
22/09/2017 00:00;146.79;146.79;0
25/09/2017 00:00;147.16;147.16;0
26/09/2017 00:00;147.15;147.15;0
27/09/2017 00:00;147.78;147.78;0
28/09/2017 00:00;147.99;147.99;0
29/09/2017 00:00;148.75;148.75;0
02/10/2017 00:00;149.44;149.44;0
03/10/2017 00:00;149.81;149.81;0
04/10/2017 00:00;149.55;149.55;0
05/10/2017 00:00;149.84;149.84;0
06/10/2017 00:00;149.32;149.32;0
09/10/2017 00:00;149.54;149.54;0
10/10/2017 00:00;149.61;149.61;0
11/10/2017 00:00;149.66;149.66;0
12/10/2017 00:00;149.69;149.69;0
13/10/2017 00:00;150.02;150.02;0
16/10/2017 00:00;150.07;150.07;0
17/10/2017 00:00;149.67;149.67;0
18/10/2017 00:00;150.23;150.23;0
19/10/2017 00:00;149.23;149.23;0
20/10/2017 00:00;149.68;149.68;0
23/10/2017 00:00;149.76;149.76;0
24/10/2017 00:00;149.33;149.33;0
25/10/2017 00:00;148.47;148.47;0
26/10/2017 00:00;150.17;150.17;0
27/10/2017 00:00;150.88;150.88;0
30/10/2017 00:00;151.1;151.1;0
31/10/2017 00:00;151.67;151.67;0
01/11/2017 00:00;152.2;152.2;0
02/11/2017 00:00;151.43;151.43;0
03/11/2017 00:00;151.94;151.94;0
06/11/2017 00:00;152.04;152.04;0
07/11/2017 00:00;151.35;151.35;0
08/11/2017 00:00;151.25;151.25;0
09/11/2017 00:00;149.69;149.69;0
10/11/2017 00:00;149.15;149.15;0
13/11/2017 00:00;148.07;148.07;0
14/11/2017 00:00;147.22;147.22;0
15/11/2017 00:00;146.6;146.6;0
16/11/2017 00:00;147.8;147.8;0
17/11/2017 00:00;147.32;147.32;0
20/11/2017 00:00;148.28;148.28;0
21/11/2017 00:00;148.94;148.94;0
22/11/2017 00:00;148.58;148.58;0
23/11/2017 00:00;148.64;148.64;0
24/11/2017 00:00;148.44;148.44;0
27/11/2017 00:00;147.74;147.74;0
28/11/2017 00:00;148.55;148.55;0
29/11/2017 00:00;149.08;149.08;0
30/11/2017 00:00;148.33;148.33;0
01/12/2017 00:00;147.45;147.45;0
04/12/2017 00:00;148.92;148.92;0
05/12/2017 00:00;148.66;148.66;0
06/12/2017 00:00;148.45;148.45;0
07/12/2017 00:00;148.54;148.54;0
08/12/2017 00:00;149.52;149.52;0
11/12/2017 00:00;149.68;149.68;0
12/12/2017 00:00;150.6;150.6;0
13/12/2017 00:00;150.18;150.18;0
14/12/2017 00:00;149.47;149.47;0
15/12/2017 00:00;149.17;149.17;0
18/12/2017 00:00;150.93;150.93;0
19/12/2017 00:00;150.24;150.24;0
20/12/2017 00:00;149.27;149.27;0
21/12/2017 00:00;150.19;150.19;0
22/12/2017 00:00;149.96;149.96;0
27/12/2017 00:00;150.11;150.11;0
28/12/2017 00:00;149.72;149.72;0
29/12/2017 00:00;149.23;149.23;0
02/01/2018 00:00;149.32;149.32;0
03/01/2018 00:00;149.94;149.94;0
04/01/2018 00:00;151.34;151.34;0
05/01/2018 00:00;152.82;152.82;0
08/01/2018 00:00;153.09;153.09;0
09/01/2018 00:00;153.78;153.78;0
10/01/2018 00:00;153.27;153.27;0
11/01/2018 00:00;152.81;152.81;0
12/01/2018 00:00;153.37;153.37;0
15/01/2018 00:00;153.03;153.03;0
16/01/2018 00:00;153.23;153.23;0
17/01/2018 00:00;153.11;153.11;0
18/01/2018 00:00;153.43;153.43;0
19/01/2018 00:00;154.09;154.09;0
22/01/2018 00:00;154.61;154.61;0
23/01/2018 00:00;154.83;154.83;0
24/01/2018 00:00;154.01;154.01;0
25/01/2018 00:00;153.26;153.26;0
26/01/2018 00:00;154.11;154.11;0
29/01/2018 00:00;153.73;153.73;0
30/01/2018 00:00;152.46;152.46;0
31/01/2018 00:00;152.18;152.18;0
01/02/2018 00:00;151.44;151.44;0
02/02/2018 00:00;149.25;149.25;0
05/02/2018 00:00;146.74;146.74;0
06/02/2018 00:00;142.81;142.81;0
07/02/2018 00:00;146;146;0
08/02/2018 00:00;143.58;143.58;0
09/02/2018 00:00;141.65;141.65;0
12/02/2018 00:00;143.55;143.55;0
13/02/2018 00:00;142.62;142.62;0
14/02/2018 00:00;143.9;143.9;0
15/02/2018 00:00;145.09;145.09;0
16/02/2018 00:00;146.63;146.63;0
19/02/2018 00:00;145.6;145.6;0
20/02/2018 00:00;146.54;146.54;0
21/02/2018 00:00;146.7;146.7;0
22/02/2018 00:00;146.51;146.51;0
23/02/2018 00:00;146.93;146.93;0
26/02/2018 00:00;147.51;147.51;0
27/02/2018 00:00;147.41;147.41;0
28/02/2018 00:00;146.24;146.24;0
01/03/2018 00:00;144.56;144.56;0
02/03/2018 00:00;141.45;141.45;0
05/03/2018 00:00;142.85;142.85;0
06/03/2018 00:00;143.23;143.23;0
07/03/2018 00:00;143.74;143.74;0
08/03/2018 00:00;145.23;145.23;0
09/03/2018 00:00;145.97;145.97;0
12/03/2018 00:00;146.33;146.33;0
13/03/2018 00:00;144.93;144.93;0
14/03/2018 00:00;144.68;144.68;0
15/03/2018 00:00;145.48;145.48;0
16/03/2018 00:00;145.82;145.82;0
19/03/2018 00:00;144.27;144.27;0
20/03/2018 00:00;144.94;144.94;0
21/03/2018 00:00;144.8;144.8;0
22/03/2018 00:00;142.78;142.78;0
23/03/2018 00:00;141.41;141.41;0
26/03/2018 00:00;140.6;140.6;0
27/03/2018 00:00;142.12;142.12;0
28/03/2018 00:00;142.93;142.93;0
29/03/2018 00:00;143.52;143.52;0
03/04/2018 00:00;142.69;142.69;0
04/04/2018 00:00;142.23;142.23;0
05/04/2018 00:00;145.57;145.57;0
06/04/2018 00:00;145.03;145.03;0
09/04/2018 00:00;145.4;145.4;0
10/04/2018 00:00;146.52;146.52;0
11/04/2018 00:00;145.74;145.74;0
12/04/2018 00:00;146.65;146.65;0
13/04/2018 00:00;146.92;146.92;0
16/04/2018 00:00;146.44;146.44;0
17/04/2018 00:00;147.61;147.61;0
18/04/2018 00:00;148.05;148.05;0
19/04/2018 00:00;148.12;148.12;0
20/04/2018 00:00;148.25;148.25;0
23/04/2018 00:00;148.68;148.68;0
24/04/2018 00:00;148.72;148.72;0
25/04/2018 00:00;147.67;147.67;0
26/04/2018 00:00;149.1;149.1;0
27/04/2018 00:00;149.51;149.51;0
30/04/2018 00:00;149.87;149.87;0
02/05/2018 00:00;150.6;150.6;0
03/05/2018 00:00;149.79;149.79;0
04/05/2018 00:00;150.76;150.76;0
07/05/2018 00:00;151.91;151.91;0
08/05/2018 00:00;151.95;151.95;0
09/05/2018 00:00;152.92;152.92;0
10/05/2018 00:00;153.01;153.01;0
11/05/2018 00:00;153.21;153.21;0
14/05/2018 00:00;153.13;153.13;0
15/05/2018 00:00;153.24;153.24;0
16/05/2018 00:00;153.7;153.7;0
17/05/2018 00:00;154.69;154.69;0
18/05/2018 00:00;154.35;154.35;0
21/05/2018 00:00;155.07;155.07;0
22/05/2018 00:00;155.4;155.4;0
23/05/2018 00:00;153.66;153.66;0
24/05/2018 00:00;152.82;152.82;0
25/05/2018 00:00;153.05;153.05;0
28/05/2018 00:00;152.6;152.6;0
29/05/2018 00:00;150.72;150.72;0
30/05/2018 00:00;151.08;151.08;0
31/05/2018 00:00;150.2;150.2;0
01/06/2018 00:00;151.89;151.89;0
04/06/2018 00:00;152.27;152.27;0
05/06/2018 00:00;151.97;151.97;0
06/06/2018 00:00;151.97;151.97;0
07/06/2018 00:00;151.63;151.63;0
08/06/2018 00:00;151.18;151.18;0
11/06/2018 00:00;152.33;152.33;0
12/06/2018 00:00;152.23;152.23;0
13/06/2018 00:00;152.48;152.48;0
14/06/2018 00:00;154.56;154.56;0
15/06/2018 00:00;152.76;152.76;0
18/06/2018 00:00;151.71;151.71;0
19/06/2018 00:00;150.46;150.46;0
20/06/2018 00:00;150.94;150.94;0
21/06/2018 00:00;149.66;149.66;0
22/06/2018 00:00;151.37;151.37;0
25/06/2018 00:00;148.1;148.1;0
26/06/2018 00:00;148.13;148.13;0
27/06/2018 00:00;149.37;149.37;0
28/06/2018 00:00;148.26;148.26;0
29/06/2018 00:00;149.14;149.14;0
02/07/2018 00:00;148.09;148.09;0
03/07/2018 00:00;149.34;149.34;0
04/07/2018 00:00;149.45;149.45;0
05/07/2018 00:00;150.06;150.06;0
06/07/2018 00:00;150.38;150.38;0
09/07/2018 00:00;151.23;151.23;0
10/07/2018 00:00;152.01;152.01;0
11/07/2018 00:00;149.94;149.94;0
12/07/2018 00:00;151.2;151.2;0
13/07/2018 00:00;151.49;151.49;0
16/07/2018 00:00;151.1;151.1;0
17/07/2018 00:00;151.48;151.48;0
18/07/2018 00:00;152.31;152.31;0
19/07/2018 00:00;151.93;151.93;0
20/07/2018 00:00;151.72;151.72;0
23/07/2018 00:00;151.43;151.43;0
24/07/2018 00:00;152.72;152.72;0
25/07/2018 00:00;152.37;152.37;0
26/07/2018 00:00;153.68;153.68;0
27/07/2018 00:00;154.32;154.32;0
30/07/2018 00:00;153.83;153.83;0
31/07/2018 00:00;154.27;154.27;0
01/08/2018 00:00;153.31;153.31;0
02/08/2018 00:00;152.21;152.21;0
03/08/2018 00:00;153.24;153.24;0
06/08/2018 00:00;153.12;153.12;0
07/08/2018 00:00;153.73;153.73;0
08/08/2018 00:00;153.46;153.46;0
09/08/2018 00:00;153.76;153.76;0
10/08/2018 00:00;152.13;152.13;0
13/08/2018 00:00;151.87;151.87;0
14/08/2018 00:00;151.67;151.67;0
15/08/2018 00:00;149.43;149.43;0
16/08/2018 00:00;150.36;150.36;0
17/08/2018 00:00;150.16;150.16;0
20/08/2018 00:00;151.04;151.04;0
21/08/2018 00:00;151.35;151.35;0
22/08/2018 00:00;151.29;151.29;0
23/08/2018 00:00;151.14;151.14;0
24/08/2018 00:00;151.22;151.22;0
27/08/2018 00:00;152.16;152.16;0
28/08/2018 00:00;151.93;151.93;0
29/08/2018 00:00;152.39;152.39;0
30/08/2018 00:00;151.95;151.95;0
31/08/2018 00:00;150.79;150.79;0
03/09/2018 00:00;150.9;150.9;0
04/09/2018 00:00;149.77;149.77;0
05/09/2018 00:00;148.04;148.04;0
06/09/2018 00:00;147.37;147.37;0
07/09/2018 00:00;147.42;147.42;0
10/09/2018 00:00;148.16;148.16;0
11/09/2018 00:00;148.06;148.06;0
12/09/2018 00:00;148.65;148.65;0
13/09/2018 00:00;148.58;148.58;0
14/09/2018 00:00;149.08;149.08;0
17/09/2018 00:00;149.22;149.22;0
18/09/2018 00:00;149.44;149.44;0
19/09/2018 00:00;150.03;150.03;0
20/09/2018 00:00;150.95;150.95;0
21/09/2018 00:00;151.7;151.7;0
24/09/2018 00:00;150.86;150.86;0
25/09/2018 00:00;151.67;151.67;0
26/09/2018 00:00;152.1;152.1;0
27/09/2018 00:00;152.48;152.48;0
28/09/2018 00:00;151.3;151.3;0
01/10/2018 00:00;151.67;151.67;0
02/10/2018 00:00;150.76;150.76;0
03/10/2018 00:00;151.73;151.73;0
04/10/2018 00:00;149.93;149.93;0
05/10/2018 00:00;148.65;148.65;0
08/10/2018 00:00;146.95;146.95;0
09/10/2018 00:00;147.39;147.39;0
10/10/2018 00:00;144.95;144.95;0
11/10/2018 00:00;142.04;142.04;0
12/10/2018 00:00;141.83;141.83;0
15/10/2018 00:00;142.02;142.02;0
16/10/2018 00:00;144.2;144.2;0
17/10/2018 00:00;143.64;143.64;0
18/10/2018 00:00;142.77;142.77;0
19/10/2018 00:00;142.72;142.72;0
22/10/2018 00:00;142.17;142.17;0
23/10/2018 00:00;139.86;139.86;0
24/10/2018 00:00;139.59;139.59;0
25/10/2018 00:00;140.15;140.15;0
26/10/2018 00:00;139.11;139.11;0
29/10/2018 00:00;140.32;140.32;0
30/10/2018 00:00;140.35;140.35;0
31/10/2018 00:00;142.66;142.66;0
01/11/2018 00:00;143.42;143.42;0
02/11/2018 00:00;143.68;143.68;0
05/11/2018 00:00;143.54;143.54;0
06/11/2018 00:00;143.13;143.13;0
07/11/2018 00:00;144.79;144.79;0
08/11/2018 00:00;144.96;144.96;0
09/11/2018 00:00;144.4;144.4;0
12/11/2018 00:00;142.99;142.99;0
13/11/2018 00:00;144.07;144.07;0
14/11/2018 00:00;143.24;143.24;0
15/11/2018 00:00;141.69;141.69;0
16/11/2018 00:00;141.35;141.35;0
19/11/2018 00:00;140.39;140.39;0
20/11/2018 00:00;138.74;138.74;0
21/11/2018 00:00;140.52;140.52;0
22/11/2018 00:00;139.37;139.37;0
23/11/2018 00:00;140;140;0
26/11/2018 00:00;141.72;141.72;0
27/11/2018 00:00;141.28;141.28;0
28/11/2018 00:00;141.37;141.37;0
29/11/2018 00:00;141.55;141.55;0
30/11/2018 00:00;141.31;141.31;0
03/12/2018 00:00;143.06;143.06;0
04/12/2018 00:00;141.88;141.88;0
05/12/2018 00:00;140.19;140.19;0
06/12/2018 00:00;135.8;135.8;0
07/12/2018 00:00;136.62;136.62;0
10/12/2018 00:00;134.2;134.2;0
11/12/2018 00:00;136.12;136.12;0
12/12/2018 00:00;138.51;138.51;0
13/12/2018 00:00;138.37;138.37;0
14/12/2018 00:00;137.43;137.43;0
17/12/2018 00:00;135.87;135.87;0
18/12/2018 00:00;134.98;134.98;0
19/12/2018 00:00;135.32;135.32;0
20/12/2018 00:00;133.38;133.38;0
21/12/2018 00:00;133.55;133.55;0
24/12/2018 00:00;131.85;131.85;0
27/12/2018 00:00;130.98;130.98;0
28/12/2018 00:00;133.2;133.2;0
31/12/2018 00:00;134.68;134.68;0
02/01/2019 00:00;133.79;133.79;0
03/01/2019 00:00;132.36;132.36;0
04/01/2019 00:00;135.91;135.91;0
07/01/2019 00:00;135.57;135.57;0
08/01/2019 00:00;136.9;136.9;0
09/01/2019 00:00;137.76;137.76;0
10/01/2019 00:00;138.17;138.17;0
11/01/2019 00:00;138.15;138.15;0
14/01/2019 00:00;137.44;137.44;0
15/01/2019 00:00;138.06;138.06;0
16/01/2019 00:00;138.76;138.76;0
17/01/2019 00:00;138.96;138.96;0
18/01/2019 00:00;141.3;141.3;0
21/01/2019 00:00;141.13;141.13;0
22/01/2019 00:00;140.63;140.63;0
23/01/2019 00:00;140.46;140.46;0
24/01/2019 00:00;140.8;140.8;0
25/01/2019 00:00;141.6;141.6;0
28/01/2019 00:00;140.32;140.32;0
29/01/2019 00:00;141.28;141.28;0
30/01/2019 00:00;141.92;141.92;0
31/01/2019 00:00;142.19;142.19;0
01/02/2019 00:00;142.33;142.33;0
04/02/2019 00:00;142.59;142.59;0
05/02/2019 00:00;144.59;144.59;0
06/02/2019 00:00;144.72;144.72;0
07/02/2019 00:00;142.8;142.8;0
08/02/2019 00:00;141.79;141.79;0
11/02/2019 00:00;143.01;143.01;0
12/02/2019 00:00;143.58;143.58;0
13/02/2019 00:00;144.45;144.45;0
14/02/2019 00:00;144.14;144.14;0
15/02/2019 00:00;146.17;146.17;0
18/02/2019 00:00;146.54;146.54;0
19/02/2019 00:00;146.34;146.34;0
20/02/2019 00:00;147.24;147.24;0
21/02/2019 00:00;146.96;146.96;0
22/02/2019 00:00;147.31;147.31;0
25/02/2019 00:00;147.65;147.65;0
26/02/2019 00:00;148.26;148.26;0
27/02/2019 00:00;147.75;147.75;0
28/02/2019 00:00;147.92;147.92;0
01/03/2019 00:00;148.44;148.44;0
04/03/2019 00:00;148.91;148.91;0
05/03/2019 00:00;149.29;149.29;0
06/03/2019 00:00;149.11;149.11;0
07/03/2019 00:00;148.7;148.7;0
08/03/2019 00:00;147.46;147.46;0
11/03/2019 00:00;148.49;148.49;0
12/03/2019 00:00;148.35;148.35;0
13/03/2019 00:00;149.16;149.16;0
14/03/2019 00:00;150.41;150.41;0
15/03/2019 00:00;151.68;151.68;0
18/03/2019 00:00;152.01;152.01;0
19/03/2019 00:00;152.9;152.9;0
20/03/2019 00:00;151.63;151.63;0
21/03/2019 00:00;151.41;151.41;0
22/03/2019 00:00;149.59;149.59;0
25/03/2019 00:00;148.96;148.96;0
26/03/2019 00:00;150.14;150.14;0
27/03/2019 00:00;150.36;150.36;0
28/03/2019 00:00;150.09;150.09;0
29/03/2019 00:00;151.16;151.16;0
01/04/2019 00:00;152.9;152.9;0
02/04/2019 00:00;153.51;153.51;0
03/04/2019 00:00;155;155;0
04/04/2019 00:00;154.69;154.69;0
05/04/2019 00:00;155.17;155.17;0
08/04/2019 00:00;154.81;154.81;0
09/04/2019 00:00;154;154;0
10/04/2019 00:00;154.41;154.41;0
11/04/2019 00:00;154.59;154.59;0
12/04/2019 00:00;154.89;154.89;0
15/04/2019 00:00;155.25;155.25;0
16/04/2019 00:00;155.78;155.78;0
17/04/2019 00:00;155.85;155.85;0
18/04/2019 00:00;156.33;156.33;0
23/04/2019 00:00;156.66;156.66;0
24/04/2019 00:00;156.7;156.7;0
25/04/2019 00:00;156.34;156.34;0
26/04/2019 00:00;156.72;156.72;0
29/04/2019 00:00;156.99;156.99;0
30/04/2019 00:00;157.04;157.04;0
02/05/2019 00:00;156.21;156.21;0
03/05/2019 00:00;157.05;157.05;0
06/05/2019 00:00;155.37;155.37;0
07/05/2019 00:00;153.51;153.51;0
08/05/2019 00:00;153.85;153.85;0
09/05/2019 00:00;151.4;151.4;0
10/05/2019 00:00;152.05;152.05;0
13/05/2019 00:00;150.08;150.08;0
14/05/2019 00:00;151.66;151.66;0
15/05/2019 00:00;152.4;152.4;0
16/05/2019 00:00;154.49;154.49;0
17/05/2019 00:00;153.98;153.98;0
20/05/2019 00:00;152.5;152.5;0
21/05/2019 00:00;153.5;153.5;0
22/05/2019 00:00;153.27;153.27;0
23/05/2019 00:00;151.14;151.14;0
24/05/2019 00:00;152.14;152.14;0
27/05/2019 00:00;152.59;152.59;0
28/05/2019 00:00;151.86;151.86;0
29/05/2019 00:00;150.03;150.03;0
30/05/2019 00:00;150.95;150.95;0
31/05/2019 00:00;149.51;149.51;0
03/06/2019 00:00;149.96;149.96;0
04/06/2019 00:00;150.77;150.77;0
05/06/2019 00:00;151.33;151.33;0
06/06/2019 00:00;151.33;151.33;0
07/06/2019 00:00;152.76;152.76;0
10/06/2019 00:00;153.42;153.42;0
11/06/2019 00:00;154.2;154.2;0
12/06/2019 00:00;153.71;153.71;0
13/06/2019 00:00;154.14;154.14;0
14/06/2019 00:00;153.48;153.48;0
17/06/2019 00:00;153.41;153.41;0
18/06/2019 00:00;155.96;155.96;0
19/06/2019 00:00;156.06;156.06;0
20/06/2019 00:00;156.74;156.74;0
21/06/2019 00:00;156.23;156.23;0
24/06/2019 00:00;155.9;155.9;0
25/06/2019 00:00;155.7;155.7;0
26/06/2019 00:00;155.18;155.18;0
27/06/2019 00:00;155.25;155.25;0
28/06/2019 00:00;156.23;156.23;0
01/07/2019 00:00;157.52;157.52;0
02/07/2019 00:00;158.12;158.12;0
03/07/2019 00:00;159.49;159.49;0
04/07/2019 00:00;159.64;159.64;0
05/07/2019 00:00;158.53;158.53;0
08/07/2019 00:00;158.46;158.46;0
09/07/2019 00:00;157.6;157.6;0
10/07/2019 00:00;157.38;157.38;0
11/07/2019 00:00;157.14;157.14;0
12/07/2019 00:00;157.21;157.21;0
15/07/2019 00:00;157.56;157.56;0
16/07/2019 00:00;158.09;158.09;0
17/07/2019 00:00;157.41;157.41;0
18/07/2019 00:00;157.06;157.06;0
19/07/2019 00:00;157.4;157.4;0
22/07/2019 00:00;157.58;157.58;0
23/07/2019 00:00;159.09;159.09;0
24/07/2019 00:00;159.19;159.19;0
25/07/2019 00:00;158.29;158.29;0
26/07/2019 00:00;158.92;158.92;0
29/07/2019 00:00;158.89;158.89;0
30/07/2019 00:00;156.49;156.49;0
31/07/2019 00:00;156.7;156.7;0
01/08/2019 00:00;157.76;157.76;0
02/08/2019 00:00;153.76;153.76;0
05/08/2019 00:00;150.07;150.07;0
06/08/2019 00:00;149.3;149.3;0
07/08/2019 00:00;149.77;149.77;0
08/08/2019 00:00;152.49;152.49;0
09/08/2019 00:00;151.23;151.23;0
12/08/2019 00:00;150.66;150.66;0
13/08/2019 00:00;151.51;151.51;0
14/08/2019 00:00;149.06;149.06;0
15/08/2019 00:00;148.69;148.69;0
16/08/2019 00:00;150.64;150.64;0
19/08/2019 00:00;152.24;152.24;0
20/08/2019 00:00;151.27;151.27;0
21/08/2019 00:00;153.14;153.14;0
22/08/2019 00:00;152.34;152.34;0
23/08/2019 00:00;151;151;0
26/08/2019 00:00;151.35;151.35;0
27/08/2019 00:00;152.13;152.13;0
28/08/2019 00:00;151.95;151.95;0
29/08/2019 00:00;153.48;153.48;0
30/08/2019 00:00;154.66;154.66;0
02/09/2019 00:00;155.11;155.11;0
03/09/2019 00:00;154.76;154.76;0
04/09/2019 00:00;156.15;156.15;0
05/09/2019 00:00;157.3;157.3;0
06/09/2019 00:00;157.7;157.7;0
09/09/2019 00:00;157.49;157.49;0
10/09/2019 00:00;157.53;157.53;0
11/09/2019 00:00;158.93;158.93;0
12/09/2019 00:00;159.06;159.06;0
13/09/2019 00:00;159.71;159.71;0
16/09/2019 00:00;158.81;158.81;0
17/09/2019 00:00;158.75;158.75;0
18/09/2019 00:00;158.81;158.81;0
19/09/2019 00:00;159.85;159.85;0
20/09/2019 00:00;160.26;160.26;0
23/09/2019 00:00;158.99;158.99;0
24/09/2019 00:00;159.01;159.01;0
25/09/2019 00:00;158.07;158.07;0
26/09/2019 00:00;159.16;159.16;0
27/09/2019 00:00;159.89;159.89;0
30/09/2019 00:00;160.26;160.26;0
01/10/2019 00:00;158.15;158.15;0
02/10/2019 00:00;153.99;153.99;0
03/10/2019 00:00;153.93;153.93;0
04/10/2019 00:00;155.38;155.38;0
07/10/2019 00:00;156.26;156.26;0
08/10/2019 00:00;154.37;154.37;0
09/10/2019 00:00;155.18;155.18;0
10/10/2019 00:00;156.42;156.42;0
11/10/2019 00:00;159.84;159.84;0
14/10/2019 00:00;159.04;159.04;0
15/10/2019 00:00;160.84;160.84;0
16/10/2019 00:00;160.65;160.65;0
17/10/2019 00:00;160.47;160.47;0
18/10/2019 00:00;159.89;159.89;0
21/10/2019 00:00;161.07;161.07;0
22/10/2019 00:00;161.24;161.24;0
23/10/2019 00:00;161.27;161.27;0
24/10/2019 00:00;162.26;162.26;0
25/10/2019 00:00;162.6;162.6;0
28/10/2019 00:00;162.97;162.97;0
29/10/2019 00:00;162.7;162.7;0
30/10/2019 00:00;163.02;163.02;0
31/10/2019 00:00;162.11;162.11;0
01/11/2019 00:00;163.29;163.29;0
04/11/2019 00:00;164.86;164.86;0
05/11/2019 00:00;165.24;165.24;0
06/11/2019 00:00;165.47;165.47;0
07/11/2019 00:00;166.18;166.18;0
08/11/2019 00:00;165.71;165.71;0
11/11/2019 00:00;165.7;165.7;0
12/11/2019 00:00;166.44;166.44;0
13/11/2019 00:00;166.03;166.03;0
14/11/2019 00:00;165.45;165.45;0
15/11/2019 00:00;165.97;165.97;0
18/11/2019 00:00;166.03;166.03;0
19/11/2019 00:00;165.85;165.85;0
20/11/2019 00:00;165.06;165.06;0
21/11/2019 00:00;164.31;164.31;0
22/11/2019 00:00;165.05;165.05;0
25/11/2019 00:00;166.76;166.76;0
26/11/2019 00:00;167;167;0
27/11/2019 00:00;167.47;167.47;0
28/11/2019 00:00;167.24;167.24;0
29/11/2019 00:00;166.67;166.67;0
02/12/2019 00:00;164.08;164.08;0
03/12/2019 00:00;163.09;163.09;0
04/12/2019 00:00;164.96;164.96;0
05/12/2019 00:00;164.61;164.61;0
06/12/2019 00:00;166.83;166.83;0
09/12/2019 00:00;166.31;166.31;0
10/12/2019 00:00;166.07;166.07;0
11/12/2019 00:00;166.19;166.19;0
12/12/2019 00:00;166.91;166.91;0
13/12/2019 00:00;168.57;168.57;0
16/12/2019 00:00;170.93;170.93;0
17/12/2019 00:00;169.73;169.73;0
18/12/2019 00:00;169.75;169.75;0
19/12/2019 00:00;169.91;169.91;0
20/12/2019 00:00;171.55;171.55;0
23/12/2019 00:00;171.28;171.28;0
24/12/2019 00:00;171.62;171.62;0
27/12/2019 00:00;172.09;172.09;0
30/12/2019 00:00;170.26;170.26;0
31/12/2019 00:00;169.92;169.92;0
02/01/2020 00:00;172.25;172.25;0
03/01/2020 00:00;171.47;171.47;0
06/01/2020 00:00;170.51;170.51;0
07/01/2020 00:00;171.18;171.18;0
08/01/2020 00:00;171.69;171.69;0
09/01/2020 00:00;172.07;172.07;0
10/01/2020 00:00;171.53;171.53;0
13/01/2020 00:00;171.27;171.27;0
14/01/2020 00:00;171.72;171.72;0
15/01/2020 00:00;171.84;171.84;0
16/01/2020 00:00;172.45;172.45;0
17/01/2020 00:00;173.87;173.87;0
20/01/2020 00:00;173.73;173.73;0
21/01/2020 00:00;173.32;173.32;0
22/01/2020 00:00;173.09;173.09;0
23/01/2020 00:00;172.12;172.12;0
24/01/2020 00:00;173.63;173.63;0
27/01/2020 00:00;169.25;169.25;0
28/01/2020 00:00;171.08;171.08;0
29/01/2020 00:00;171.82;171.82;0
30/01/2020 00:00;169.98;169.98;0
31/01/2020 00:00;167.91;167.91;0
03/02/2020 00:00;168.39;168.39;0
04/02/2020 00:00;171.58;171.58;0
05/02/2020 00:00;173.76;173.76;0
06/02/2020 00:00;174.52;174.52;0
07/02/2020 00:00;173.72;173.72;0
10/02/2020 00:00;173.93;173.93;0
11/02/2020 00:00;175.56;175.56;0
12/02/2020 00:00;176.86;176.86;0
13/02/2020 00:00;176.5;176.5;0
14/02/2020 00:00;176.32;176.32;0
17/02/2020 00:00;176.86;176.86;0
18/02/2020 00:00;176.13;176.13;0
19/02/2020 00:00;177.6;177.6;0
20/02/2020 00:00;176.15;176.15;0
21/02/2020 00:00;175.36;175.36;0
24/02/2020 00:00;168.74;168.74;0
25/02/2020 00:00;165.79;165.79;0
26/02/2020 00:00;165.49;165.49;0
27/02/2020 00:00;159.31;159.31;0
28/02/2020 00:00;153.68;153.68;0
02/03/2020 00:00;154.38;154.38;0
03/03/2020 00:00;156.33;156.33;0
04/03/2020 00:00;158.5;158.5;0
05/03/2020 00:00;156.54;156.54;0
06/03/2020 00:00;150.3;150.3;0
09/03/2020 00:00;139.89;139.89;0
10/03/2020 00:00;138.12;138.12;0
11/03/2020 00:00;136.68;136.68;0
12/03/2020 00:00;121.68;121.68;0
13/03/2020 00:00;122.13;122.13;0
16/03/2020 00:00;117.64;117.64;0
17/03/2020 00:00;120;120;0
18/03/2020 00:00;114.63;114.63;0
19/03/2020 00:00;117.34;117.34;0
20/03/2020 00:00;120.66;120.66;0
23/03/2020 00:00;115.5;115.5;0
24/03/2020 00:00;125.36;125.36;0
25/03/2020 00:00;129.48;129.48;0
26/03/2020 00:00;131.82;131.82;0
27/03/2020 00:00;128.03;128.03;0
30/03/2020 00:00;129.67;129.67;0
31/03/2020 00:00;132.16;132.16;0
01/04/2020 00:00;127.77;127.77;0
02/04/2020 00:00;128.34;128.34;0
03/04/2020 00:00;127.34;127.34;0
06/04/2020 00:00;132.41;132.41;0
07/04/2020 00:00;134.61;134.61;0
08/04/2020 00:00;134.74;134.74;0
09/04/2020 00:00;136.4;136.4;0
14/04/2020 00:00;137.47;137.47;0
15/04/2020 00:00;133.15;133.15;0
16/04/2020 00:00;133.97;133.97;0
17/04/2020 00:00;137.4;137.4;0
20/04/2020 00:00;138.16;138.16;0
21/04/2020 00:00;133.63;133.63;0
22/04/2020 00:00;135.93;135.93;0
23/04/2020 00:00;137.2;137.2;0
24/04/2020 00:00;135.73;135.73;0
27/04/2020 00:00;138.38;138.38;0
28/04/2020 00:00;140.59;140.59;0
29/04/2020 00:00;142.87;142.87;0
30/04/2020 00:00;140.4;140.4;0
04/05/2020 00:00;135.78;135.78;0
05/05/2020 00:00;138.44;138.44;0
06/05/2020 00:00;137.92;137.92;0
07/05/2020 00:00;139.56;139.56;0
08/05/2020 00:00;141.26;141.26;0
11/05/2020 00:00;140.46;140.46;0
12/05/2020 00:00;140.86;140.86;0
13/05/2020 00:00;137.98;137.98;0
14/05/2020 00:00;135.23;135.23;0
15/05/2020 00:00;135.92;135.92;0
18/05/2020 00:00;141.31;141.31;0
19/05/2020 00:00;140.68;140.68;0
20/05/2020 00:00;141.94;141.94;0
21/05/2020 00:00;140.65;140.65;0
22/05/2020 00:00;140.72;140.72;0
25/05/2020 00:00;143.5;143.5;0
26/05/2020 00:00;144.32;144.32;0
27/05/2020 00:00;144.8;144.8;0
28/05/2020 00:00;147.15;147.15;0
29/05/2020 00:00;144.79;144.79;0
01/06/2020 00:00;147.51;147.51;0
02/06/2020 00:00;149;149;0
03/06/2020 00:00;152.97;152.97;0
04/06/2020 00:00;151.9;151.9;0
05/06/2020 00:00;155.66;155.66;0
08/06/2020 00:00;155.04;155.04;0
09/06/2020 00:00;153.13;153.13;0
10/06/2020 00:00;152.46;152.46;0
11/06/2020 00:00;146.32;146.32;0
12/06/2020 00:00;146.83;146.83;0
15/06/2020 00:00;146.33;146.33;0
16/06/2020 00:00;150.61;150.61;0
17/06/2020 00:00;151.77;151.77;0
18/06/2020 00:00;150.87;150.87;0
19/06/2020 00:00;151.61;151.61;0
22/06/2020 00:00;150.77;150.77;0
23/06/2020 00:00;152.47;152.47;0
24/06/2020 00:00;147.94;147.94;0
25/06/2020 00:00;149.4;149.4;0
26/06/2020 00:00;148.96;148.96;0
29/06/2020 00:00;149.56;149.56;0
30/06/2020 00:00;149.73;149.73;0
01/07/2020 00:00;150.03;150.03;0
02/07/2020 00:00;153.11;153.11;0
03/07/2020 00:00;151.99;151.99;0
06/07/2020 00:00;154.17;154.17;0
07/07/2020 00:00;153.43;153.43;0
08/07/2020 00:00;152.35;152.35;0
09/07/2020 00:00;151.27;151.27;0
10/07/2020 00:00;152.59;152.59;0
13/07/2020 00:00;154.32;154.32;0
14/07/2020 00:00;152.98;152.98;0
15/07/2020 00:00;155.52;155.52;0
16/07/2020 00:00;154.86;154.86;0
17/07/2020 00:00;155.25;155.25;0
20/07/2020 00:00;156.31;156.31;0
21/07/2020 00:00;156.97;156.97;0
22/07/2020 00:00;155.48;155.48;0
23/07/2020 00:00;155.78;155.78;0
24/07/2020 00:00;152.89;152.89;0
27/07/2020 00:00;152.45;152.45;0
28/07/2020 00:00;153.19;153.19;0
29/07/2020 00:00;153.09;153.09;0
30/07/2020 00:00;149.87;149.87;0
31/07/2020 00:00;148.49;148.49;0
03/08/2020 00:00;151.47;151.47;0
04/08/2020 00:00;151.25;151.25;0
05/08/2020 00:00;151.97;151.97;0
06/08/2020 00:00;150.99;150.99;0
07/08/2020 00:00;151.42;151.42;0
10/08/2020 00:00;152.02;152.02;0
11/08/2020 00:00;154.44;154.44;0
12/08/2020 00:00;156.14;156.14;0
13/08/2020 00:00;155.44;155.44;0
14/08/2020 00:00;153.54;153.54;0
17/08/2020 00:00;153.98;153.98;0
18/08/2020 00:00;153.12;153.12;0
19/08/2020 00:00;154.22;154.22;0
20/08/2020 00:00;152.59;152.59;0
21/08/2020 00:00;152.3;152.3;0
24/08/2020 00:00;154.67;154.67;0
25/08/2020 00:00;154.3;154.3;0
26/08/2020 00:00;155.58;155.58;0
27/08/2020 00:00;154.72;154.72;0
28/08/2020 00:00;153.81;153.81;0
31/08/2020 00:00;152.5;152.5;0
01/09/2020 00:00;152.48;152.48;0
02/09/2020 00:00;154.87;154.87;0
03/09/2020 00:00;152.64;152.64;0
04/09/2020 00:00;150.94;150.94;0
07/09/2020 00:00;153.66;153.66;0
08/09/2020 00:00;151.83;151.83;0
09/09/2020 00:00;154.4;154.4;0
10/09/2020 00:00;153.3;153.3;0
11/09/2020 00:00;153.73;153.73;0
14/09/2020 00:00;153.92;153.92;0
15/09/2020 00:00;154.97;154.97;0
16/09/2020 00:00;155.82;155.82;0
17/09/2020 00:00;155.02;155.02;0
18/09/2020 00:00;154;154;0
21/09/2020 00:00;149.09;149.09;0
22/09/2020 00:00;149.01;149.01;0
23/09/2020 00:00;149.9;149.9;0
24/09/2020 00:00;148.39;148.39;0
25/09/2020 00:00;148.25;148.25;0
28/09/2020 00:00;151.72;151.72;0
29/09/2020 00:00;150.84;150.84;0
30/09/2020 00:00;150.54;150.54;0
01/10/2020 00:00;151.1;151.1;0
02/10/2020 00:00;151.43;151.43;0
05/10/2020 00:00;152.62;152.62;0
06/10/2020 00:00;152.63;152.63;0
07/10/2020 00:00;152.57;152.57;0
08/10/2020 00:00;153.66;153.66;0
09/10/2020 00:00;154.57;154.57;0
12/10/2020 00:00;155.72;155.72;0
13/10/2020 00:00;154.98;154.98;0
14/10/2020 00:00;154.71;154.71;0
15/10/2020 00:00;151.59;151.59;0
16/10/2020 00:00;153.46;153.46;0
19/10/2020 00:00;153.22;153.22;0
20/10/2020 00:00;152.51;152.51;0
21/10/2020 00:00;150.48;150.48;0
22/10/2020 00:00;150.36;150.36;0
23/10/2020 00:00;151.31;151.31;0
26/10/2020 00:00;148.57;148.57;0
27/10/2020 00:00;147.34;147.34;0
28/10/2020 00:00;143;143;0
29/10/2020 00:00;142.95;142.95;0
30/10/2020 00:00;143.03;143.03;0
02/11/2020 00:00;145.42;145.42;0
03/11/2020 00:00;148.93;148.93;0
04/11/2020 00:00;151.92;151.92;0
05/11/2020 00:00;153.66;153.66;0
06/11/2020 00:00;153.26;153.26;0
09/11/2020 00:00;159.25;159.25;0
10/11/2020 00:00;160.72;160.72;0
11/11/2020 00:00;162.59;162.59;0
12/11/2020 00:00;161.07;161.07;0
13/11/2020 00:00;161.14;161.14;0
16/11/2020 00:00;163.04;163.04;0
17/11/2020 00:00;162.82;162.82;0
18/11/2020 00:00;163.55;163.55;0
19/11/2020 00:00;162.34;162.34;0
20/11/2020 00:00;163;163;0
23/11/2020 00:00;162.76;162.76;0
24/11/2020 00:00;164.32;164.32;0
25/11/2020 00:00;164.07;164.07;0
26/11/2020 00:00;164.02;164.02;0
27/11/2020 00:00;164.59;164.59;0
30/11/2020 00:00;162.73;162.73;0
01/12/2020 00:00;164.18;164.18;0
02/12/2020 00:00;163.94;163.94;0
03/12/2020 00:00;164.16;164.16;0
04/12/2020 00:00;165.13;165.13;0
07/12/2020 00:00;164.64;164.64;0
08/12/2020 00:00;164.93;164.93;0
09/12/2020 00:00;165.41;165.41;0
10/12/2020 00:00;164.69;164.69;0
11/12/2020 00:00;163.46;163.46;0
14/12/2020 00:00;164.2;164.2;0
15/12/2020 00:00;164.81;164.81;0
16/12/2020 00:00;166.06;166.06;0
17/12/2020 00:00;166.73;166.73;0
18/12/2020 00:00;166.01;166.01;0
21/12/2020 00:00;162.13;162.13;0
22/12/2020 00:00;164.02;164.02;0
23/12/2020 00:00;165.74;165.74;0
24/12/2020 00:00;166.23;166.23;0
28/12/2020 00:00;167.77;167.77;0
29/12/2020 00:00;168.28;168.28;0
30/12/2020 00:00;167.69;167.69;0
31/12/2020 00:00;166.88;166.88;0
04/01/2021 00:00;168.46;168.46;0
05/01/2021 00:00;168.2;168.2;0
06/01/2021 00:00;170.7;170.7;0
07/01/2021 00:00;171.36;171.36;0
08/01/2021 00:00;172.33;172.33;0
11/01/2021 00:00;171.23;171.23;0
12/01/2021 00:00;171.2;171.2;0
13/01/2021 00:00;171.58;171.58;0
14/01/2021 00:00;172.8;172.8;0
15/01/2021 00:00;170.86;170.86;0
18/01/2021 00:00;170.96;170.96;0
19/01/2021 00:00;170.65;170.65;0
20/01/2021 00:00;171.97;171.97;0
21/01/2021 00:00;172.16;172.16;0
22/01/2021 00:00;171;171;0
25/01/2021 00:00;169.74;169.74;0
26/01/2021 00:00;170.59;170.59;0
27/01/2021 00:00;168.73;168.73;0
28/01/2021 00:00;168.96;168.96;0
29/01/2021 00:00;165.57;165.57;0
01/02/2021 00:00;167.84;167.84;0
02/02/2021 00:00;170.18;170.18;0
03/02/2021 00:00;170.57;170.57;0
04/02/2021 00:00;171.62;171.62;0
05/02/2021 00:00;171.65;171.65;0
08/02/2021 00:00;172.07;172.07;0
09/02/2021 00:00;171.89;171.89;0
10/02/2021 00:00;171.54;171.54;0
11/02/2021 00:00;172.31;172.31;0
12/02/2021 00:00;173.41;173.41;0
15/02/2021 00:00;175.81;175.81;0
16/02/2021 00:00;175.49;175.49;0
17/02/2021 00:00;174.22;174.22;0
18/02/2021 00:00;172.81;172.81;0
19/02/2021 00:00;173.85;173.85;0
22/02/2021 00:00;172.98;172.98;0
23/02/2021 00:00;172.52;172.52;0
24/02/2021 00:00;173.18;173.18;0
25/02/2021 00:00;172.54;172.54;0
26/02/2021 00:00;169.87;169.87;0
01/03/2021 00:00;173.14;173.14;0
02/03/2021 00:00;173.29;173.29;0
03/03/2021 00:00;173.43;173.43;0
04/03/2021 00:00;172.92;172.92;0
05/03/2021 00:00;171.55;171.55;0
08/03/2021 00:00;175.27;175.27;0
09/03/2021 00:00;176.57;176.57;0
10/03/2021 00:00;177.22;177.22;0
11/03/2021 00:00;178.34;178.34;0
12/03/2021 00:00;177.77;177.77;0
15/03/2021 00:00;177.66;177.66;0
16/03/2021 00:00;179.37;179.37;0
17/03/2021 00:00;178.36;178.36;0
18/03/2021 00:00;179.44;179.44;0
19/03/2021 00:00;177.94;177.94;0
22/03/2021 00:00;178.44;178.44;0
23/03/2021 00:00;178.01;178.01;0
24/03/2021 00:00;178.1;178.1;0
25/03/2021 00:00;178.23;178.23;0
26/03/2021 00:00;179.7;179.7;0
29/03/2021 00:00;179.77;179.77;0
30/03/2021 00:00;181.07;181.07;0
31/03/2021 00:00;180.67;180.67;0
01/04/2021 00:00;181.78;181.78;0
06/04/2021 00:00;183.36;183.36;0
07/04/2021 00:00;182.7;182.7;0
08/04/2021 00:00;184.01;184.01;0
09/04/2021 00:00;184.2;184.2;0
12/04/2021 00:00;183.48;183.48;0
13/04/2021 00:00;183.63;183.63;0
14/04/2021 00:00;184.05;184.05;0
15/04/2021 00:00;184.95;184.95;0
16/04/2021 00:00;186.61;186.61;0
19/04/2021 00:00;186.47;186.47;0
20/04/2021 00:00;183.12;183.12;0
21/04/2021 00:00;184.15;184.15;0
22/04/2021 00:00;185.7;185.7;0
23/04/2021 00:00;185.3;185.3;0
26/04/2021 00:00;185.92;185.92;0
27/04/2021 00:00;185.7;185.7;0
28/04/2021 00:00;185.83;185.83;0
29/04/2021 00:00;185.38;185.38;0
30/04/2021 00:00;184.88;184.88;0
03/05/2021 00:00;186.13;186.13;0
04/05/2021 00:00;183.38;183.38;0
05/05/2021 00:00;187.02;187.02;0
06/05/2021 00:00;186.85;186.85;0
07/05/2021 00:00;188.59;188.59;0
10/05/2021 00:00;188.78;188.78;0
11/05/2021 00:00;185.21;185.21;0
12/05/2021 00:00;185.72;185.72;0
13/05/2021 00:00;185.6;185.6;0
14/05/2021 00:00;187.8;187.8;0
17/05/2021 00:00;187.71;187.71;0
18/05/2021 00:00;187.99;187.99;0
19/05/2021 00:00;185.31;185.31;0
20/05/2021 00:00;187.79;187.79;0
21/05/2021 00:00;188.81;188.81;0
24/05/2021 00:00;189.73;189.73;0
25/05/2021 00:00;189.36;189.36;0
26/05/2021 00:00;189.4;189.4;0
27/05/2021 00:00;189.93;189.93;0
28/05/2021 00:00;191.12;191.12;0
31/05/2021 00:00;190.01;190.01;0
01/06/2021 00:00;191.65;191.65;0
02/06/2021 00:00;192.24;192.24;0
03/06/2021 00:00;191.95;191.95;0
04/06/2021 00:00;192.69;192.69;0
07/06/2021 00:00;193.18;193.18;0
08/06/2021 00:00;193.37;193.37;0
09/06/2021 00:00;193.53;193.53;0
10/06/2021 00:00;193.71;193.71;0
11/06/2021 00:00;194.92;194.92;0
14/06/2021 00:00;195.13;195.13;0
15/06/2021 00:00;195.48;195.48;0
16/06/2021 00:00;195.96;195.96;0
17/06/2021 00:00;195.76;195.76;0
18/06/2021 00:00;192.59;192.59;0
21/06/2021 00:00;194.13;194.13;0
22/06/2021 00:00;194.58;194.58;0
23/06/2021 00:00;193.11;193.11;0
24/06/2021 00:00;194.85;194.85;0
25/06/2021 00:00;194.98;194.98;0
28/06/2021 00:00;193.82;193.82;0
29/06/2021 00:00;194.34;194.34;0
30/06/2021 00:00;193.07;193.07;0
01/07/2021 00:00;194.08;194.08;0
02/07/2021 00:00;194.73;194.73;0
05/07/2021 00:00;195.38;195.38;0
06/07/2021 00:00;194.34;194.34;0
07/07/2021 00:00;195.68;195.68;0
08/07/2021 00:00;192.61;192.61;0
09/07/2021 00:00;195.01;195.01;0
12/07/2021 00:00;196.26;196.26;0
13/07/2021 00:00;196.3;196.3;0
14/07/2021 00:00;196.26;196.26;0
15/07/2021 00:00;194.48;194.48;0
16/07/2021 00:00;193.9;193.9;0
19/07/2021 00:00;189.56;189.56;0
20/07/2021 00:00;190.45;190.45;0
21/07/2021 00:00;193.68;193.68;0
22/07/2021 00:00;194.59;194.59;0
23/07/2021 00:00;196.95;196.95;0
26/07/2021 00:00;196.73;196.73;0
27/07/2021 00:00;195.48;195.48;0
28/07/2021 00:00;197;197;0
29/07/2021 00:00;197.79;197.79;0
30/07/2021 00:00;196.84;196.84;0
02/08/2021 00:00;198.19;198.19;0
03/08/2021 00:00;198.04;198.04;0
04/08/2021 00:00;199.72;199.72;0
05/08/2021 00:00;200.5;200.5;0
06/08/2021 00:00;200.59;200.59;0
09/08/2021 00:00;200.91;200.91;0
10/08/2021 00:00;201.62;201.62;0
11/08/2021 00:00;202.5;202.5;0
12/08/2021 00:00;202.89;202.89;0
13/08/2021 00:00;203.25;203.25;0
16/08/2021 00:00;202.33;202.33;0
17/08/2021 00:00;202.35;202.35;0
18/08/2021 00:00;202.73;202.73;0
19/08/2021 00:00;199.77;199.77;0
20/08/2021 00:00;200.42;200.42;0
23/08/2021 00:00;201.7;201.7;0
24/08/2021 00:00;201.64;201.64;0
25/08/2021 00:00;201.63;201.63;0
26/08/2021 00:00;201.1;201.1;0
27/08/2021 00:00;202.02;202.02;0
30/08/2021 00:00;202.12;202.12;0
31/08/2021 00:00;201.27;201.27;0
01/09/2021 00:00;202.27;202.27;0
02/09/2021 00:00;202.92;202.92;0
03/09/2021 00:00;201.76;201.76;0
06/09/2021 00:00;203.19;203.19;0
07/09/2021 00:00;202.23;202.23;0
08/09/2021 00:00;199.84;199.84;0
09/09/2021 00:00;199.94;199.94;0
10/09/2021 00:00;199.18;199.18;0
13/09/2021 00:00;199.94;199.94;0
14/09/2021 00:00;200.03;200.03;0
15/09/2021 00:00;198.37;198.37;0
16/09/2021 00:00;199.25;199.25;0
17/09/2021 00:00;197.68;197.68;0
20/09/2021 00:00;194.24;194.24;0
21/09/2021 00:00;196.4;196.4;0
22/09/2021 00:00;198.32;198.32;0
23/09/2021 00:00;200.21;200.21;0
24/09/2021 00:00;198.22;198.22;0
27/09/2021 00:00;198.09;198.09;0
28/09/2021 00:00;193.83;193.83;0
29/09/2021 00:00;195.05;195.05;0
30/09/2021 00:00;194.66;194.66;0
01/10/2021 00:00;193.96;193.96;0
04/10/2021 00:00;193.15;193.15;0
05/10/2021 00:00;195.54;195.54;0
06/10/2021 00:00;193.2;193.2;0
07/10/2021 00:00;196.59;196.59;0
08/10/2021 00:00;195.94;195.94;0
11/10/2021 00:00;196.12;196.12;0
12/10/2021 00:00;196.02;196.02;0
13/10/2021 00:00;197.36;197.36;0
14/10/2021 00:00;199.75;199.75;0
15/10/2021 00:00;201.2;201.2;0
18/10/2021 00:00;199.99;199.99;0
19/10/2021 00:00;200.95;200.95;0
20/10/2021 00:00;201.53;201.53;0
21/10/2021 00:00;201.39;201.39;0
22/10/2021 00:00;202.32;202.32;0
25/10/2021 00:00;202.48;202.48;0
26/10/2021 00:00;203.89;203.89;0
27/10/2021 00:00;203.22;203.22;0
28/10/2021 00:00;203.82;203.82;0
29/10/2021 00:00;203.87;203.87;0
01/11/2021 00:00;205.4;205.4;0
02/11/2021 00:00;205.73;205.73;0
03/11/2021 00:00;206.38;206.38;0
04/11/2021 00:00;207.33;207.33;0
05/11/2021 00:00;207.57;207.57;0
08/11/2021 00:00;207.4;207.4;0
09/11/2021 00:00;207.16;207.16;0
10/11/2021 00:00;207.53;207.53;0
11/11/2021 00:00;208.27;208.27;0
12/11/2021 00:00;208.87;208.87;0
15/11/2021 00:00;209.77;209.77;0
16/11/2021 00:00;210.04;210.04;0
17/11/2021 00:00;210.27;210.27;0
18/11/2021 00:00;209.38;209.38;0
19/11/2021 00:00;208.7;208.7;0
22/11/2021 00:00;208.44;208.44;0
23/11/2021 00:00;205.82;205.82;0
24/11/2021 00:00;206.13;206.13;0
25/11/2021 00:00;206.97;206.97;0
26/11/2021 00:00;199.06;199.06;0
29/11/2021 00:00;200.78;200.78;0
30/11/2021 00:00;198.68;198.68;0
01/12/2021 00:00;202.35;202.35;0
02/12/2021 00:00;199.9;199.9;0
03/12/2021 00:00;198.86;198.86;0
06/12/2021 00:00;201.46;201.46;0
07/12/2021 00:00;206.44;206.44;0
08/12/2021 00:00;205.25;205.25;0
09/12/2021 00:00;205;205;0
10/12/2021 00:00;204.38;204.38;0
13/12/2021 00:00;203.33;203.33;0
14/12/2021 00:00;201.84;201.84;0
15/12/2021 00:00;202.23;202.23;0
16/12/2021 00:00;204.66;204.66;0
17/12/2021 00:00;203.59;203.59;0
20/12/2021 00:00;200.55;200.55;0
21/12/2021 00:00;203.61;203.61;0
22/12/2021 00:00;205.5;205.5;0
23/12/2021 00:00;207.66;207.66;0
24/12/2021 00:00;207.86;207.86;0
27/12/2021 00:00;209.08;209.08;0
28/12/2021 00:00;210.41;210.41;0
29/12/2021 00:00;209.77;209.77;0
30/12/2021 00:00;210.22;210.22;0
31/12/2021 00:00;209.51;209.51;0
03/01/2022 00:00;210.92;210.92;0
04/01/2022 00:00;212.22;212.22;0
05/01/2022 00:00;212.45;212.45;0
06/01/2022 00:00;209.42;209.42;0
07/01/2022 00:00;208.89;208.89;0
10/01/2022 00:00;205.92;205.92;0
11/01/2022 00:00;207.76;207.76;0
12/01/2022 00:00;209.07;209.07;0
13/01/2022 00:00;209.02;209.02;0
14/01/2022 00:00;207.03;207.03;0
17/01/2022 00:00;208.49;208.49;0
18/01/2022 00:00;206.32;206.32;0
19/01/2022 00:00;206.79;206.79;0
20/01/2022 00:00;207.92;207.92;0
21/01/2022 00:00;203.95;203.95;0
24/01/2022 00:00;195.96;195.96;0
25/01/2022 00:00;197.68;197.68;0
26/01/2022 00:00;201.11;201.11;0
27/01/2022 00:00;202.44;202.44;0
28/01/2022 00:00;200.23;200.23;0
31/01/2022 00:00;201.94;201.94;0
01/02/2022 00:00;204.43;204.43;0
02/02/2022 00:00;205.2;205.2;0
03/02/2022 00:00;201.3;201.3;0
04/02/2022 00:00;198.9;198.9;0
07/02/2022 00:00;200.19;200.19;0
08/02/2022 00:00;200.25;200.25;0
09/02/2022 00:00;203.52;203.52;0
10/02/2022 00:00;203.13;203.13;0
11/02/2022 00:00;202.02;202.02;0
14/02/2022 00:00;198.34;198.34;0
15/02/2022 00:00;201.31;201.31;0
16/02/2022 00:00;201.04;201.04;0
17/02/2022 00:00;199.83;199.83;0
18/02/2022 00:00;198.1;198.1;0
21/02/2022 00:00;195.39;195.39;0
22/02/2022 00:00;195.53;195.53;0
23/02/2022 00:00;195.06;195.06;0
24/02/2022 00:00;188.52;188.52;0
25/02/2022 00:00;195.04;195.04;0
28/02/2022 00:00;194.76;194.76;0
01/03/2022 00:00;190.3;190.3;0
02/03/2022 00:00;191.84;191.84;0
03/03/2022 00:00;188.34;188.34;0
04/03/2022 00:00;181.49;181.49;0
07/03/2022 00:00;179.54;179.54;0
08/03/2022 00:00;178.63;178.63;0
09/03/2022 00:00;187.45;187.45;0
10/03/2022 00:00;184.05;184.05;0
11/03/2022 00:00;185.92;185.92;0
14/03/2022 00:00;188.12;188.12;0
15/03/2022 00:00;187.86;187.86;0
16/03/2022 00:00;193.38;193.38;0
17/03/2022 00:00;194.47;194.47;0
18/03/2022 00:00;196.16;196.16;0
21/03/2022 00:00;196.32;196.32;0
22/03/2022 00:00;197.9;197.9;0
23/03/2022 00:00;195.85;195.85;0
24/03/2022 00:00;195.45;195.45;0
25/03/2022 00:00;195.66;195.66;0
28/03/2022 00:00;195.75;195.75;0
29/03/2022 00:00;199.52;199.52;0
30/03/2022 00:00;198.73;198.73;0
31/03/2022 00:00;196.82;196.82;0
01/04/2022 00:00;197.87;197.87;0
04/04/2022 00:00;199.48;199.48;0
05/04/2022 00:00;199.93;199.93;0
06/04/2022 00:00;197.08;197.08;0
07/04/2022 00:00;196.77;196.77;0
08/04/2022 00:00;199.65;199.65;0
11/04/2022 00:00;198.43;198.43;0
12/04/2022 00:00;197.85;197.85;0
13/04/2022 00:00;197.79;197.79;0
14/04/2022 00:00;199.23;199.23;0
19/04/2022 00:00;197.71;197.71;0
20/04/2022 00:00;199.37;199.37;0
21/04/2022 00:00;200.1;200.1;0
22/04/2022 00:00;196.34;196.34;0
25/04/2022 00:00;192.91;192.91;0
26/04/2022 00:00;191.38;191.38;0
27/04/2022 00:00;192.65;192.65;0
28/04/2022 00:00;194.17;194.17;0
29/04/2022 00:00;195.5;195.5;0
02/05/2022 00:00;192.08;192.08;0
03/05/2022 00:00;194.18;194.18;0
04/05/2022 00:00;191.84;191.84;0
05/05/2022 00:00;190.67;190.67;0
06/05/2022 00:00;187.23;187.23;0
09/05/2022 00:00;181.82;181.82;0
10/05/2022 00:00;183.14;183.14;0
11/05/2022 00:00;186.2;186.2;0
12/05/2022 00:00;184.94;184.94;0
13/05/2022 00:00;189.3;189.3;0
16/05/2022 00:00;189.38;189.38;0
17/05/2022 00:00;191.77;191.77;0
18/05/2022 00:00;189.4;189.4;0
19/05/2022 00:00;187.22;187.22;0
20/05/2022 00:00;188.32;188.32;0
23/05/2022 00:00;190.99;190.99;0
24/05/2022 00:00;188.8;188.8;0
25/05/2022 00:00;189.87;189.87;0
26/05/2022 00:00;192.01;192.01;0
27/05/2022 00:00;194.47;194.47;0
30/05/2022 00:00;195.57;195.57;0
31/05/2022 00:00;193.99;193.99;0
01/06/2022 00:00;192.27;192.27;0
02/06/2022 00:00;193.52;193.52;0
03/06/2022 00:00;193.02;193.02;0
06/06/2022 00:00;195.2;195.2;0
07/06/2022 00:00;194.07;194.07;0
08/06/2022 00:00;192.92;192.92;0
09/06/2022 00:00;190.31;190.31;0
10/06/2022 00:00;185.08;185.08;0
13/06/2022 00:00;180.54;180.54;0
14/06/2022 00:00;178.33;178.33;0
15/06/2022 00:00;181.19;181.19;0
16/06/2022 00:00;176.62;176.62;0
17/06/2022 00:00;176.69;176.69;0
20/06/2022 00:00;178.35;178.35;0
21/06/2022 00:00;179.2;179.2;0
22/06/2022 00:00;177.7;177.7;0
23/06/2022 00:00;176.3;176.3;0
24/06/2022 00:00;181.3;181.3;0
27/06/2022 00:00;181.89;181.89;0
28/06/2022 00:00;182.03;182.03;0
29/06/2022 00:00;180.86;180.86;0
30/06/2022 00:00;178.17;178.17;0
01/07/2022 00:00;178.3;178.3;0
04/07/2022 00:00;179.11;179.11;0
05/07/2022 00:00;175.48;175.48;0
06/07/2022 00:00;178.45;178.45;0
07/07/2022 00:00;181.9;181.9;0
08/07/2022 00:00;182.69;182.69;0
11/07/2022 00:00;181.89;181.89;0
12/07/2022 00:00;182.44;182.44;0
13/07/2022 00:00;180.69;180.69;0
14/07/2022 00:00;177.8;177.8;0
15/07/2022 00:00;181.36;181.36;0
18/07/2022 00:00;182.95;182.95;0
19/07/2022 00:00;185.57;185.57;0
20/07/2022 00:00;185.14;185.14;0
21/07/2022 00:00;185.93;185.93;0
22/07/2022 00:00;186.65;186.65;0
25/07/2022 00:00;186.76;186.76;0
26/07/2022 00:00;186.77;186.77;0
27/07/2022 00:00;187.77;187.77;0
28/07/2022 00:00;189.8;189.8;0
29/07/2022 00:00;192.02;192.02;0
01/08/2022 00:00;191.72;191.72;0
02/08/2022 00:00;191.11;191.11;0
03/08/2022 00:00;192.05;192.05;0
04/08/2022 00:00;192.45;192.45;0
05/08/2022 00:00;190.96;190.96;0
08/08/2022 00:00;192.63;192.63;0
09/08/2022 00:00;191.13;191.13;0
10/08/2022 00:00;193.03;193.03;0
11/08/2022 00:00;193.46;193.46;0
12/08/2022 00:00;193.74;193.74;0
15/08/2022 00:00;194.28;194.28;0
16/08/2022 00:00;194.64;194.64;0
17/08/2022 00:00;192.64;192.64;0
18/08/2022 00:00;193.54;193.54;0
19/08/2022 00:00;191.96;191.96;0
22/08/2022 00:00;190.26;190.26;0
23/08/2022 00:00;189.22;189.22;0
24/08/2022 00:00;189.78;189.78;0
25/08/2022 00:00;190.39;190.39;0
26/08/2022 00:00;187.22;187.22;0
29/08/2022 00:00;185.7;185.7;0
30/08/2022 00:00;184.74;184.74;0
31/08/2022 00:00;182.61;182.61;0
01/09/2022 00:00;179.46;179.46;0
02/09/2022 00:00;183.16;183.16;0
05/09/2022 00:00;181.85;181.85;0
06/09/2022 00:00;182.11;182.11;0
07/09/2022 00:00;181.19;181.19;0
08/09/2022 00:00;182.31;182.31;0
09/09/2022 00:00;185.14;185.14;0
12/09/2022 00:00;188.18;188.18;0
13/09/2022 00:00;185.32;185.32;0
14/09/2022 00:00;183.67;183.67;0
15/09/2022 00:00;182.53;182.53;0
16/09/2022 00:00;179.48;179.48;0
19/09/2022 00:00;179.62;179.62;0
20/09/2022 00:00;177.57;177.57;0
21/09/2022 00:00;179.33;179.33;0
22/09/2022 00:00;175.69;175.69;0
23/09/2022 00:00;171.9;171.9;0
26/09/2022 00:00;170.88;170.88;0
27/09/2022 00:00;170.52;170.52;0
28/09/2022 00:00;171.31;171.31;0
29/09/2022 00:00;168.39;168.39;0
30/09/2022 00:00;170.71;170.71;0
03/10/2022 00:00;171.94;171.94;0
04/10/2022 00:00;177.22;177.22;0
05/10/2022 00:00;175.64;175.64;0
06/10/2022 00:00;174.23;174.23;0
07/10/2022 00:00;172.2;172.2;0
10/10/2022 00:00;171.59;171.59;0
11/10/2022 00:00;170.66;170.66;0
12/10/2022 00:00;169.58;169.58;0
13/10/2022 00:00;171.32;171.32;0
14/10/2022 00:00;171.83;171.83;0
17/10/2022 00:00;175.36;175.36;0
18/10/2022 00:00;175.69;175.69;0
19/10/2022 00:00;174.9;174.9;0
20/10/2022 00:00;175.48;175.48;0
21/10/2022 00:00;174.58;174.58;0
24/10/2022 00:00;176.75;176.75;0
25/10/2022 00:00;179.26;179.26;0
26/10/2022 00:00;180.25;180.25;0
27/10/2022 00:00;180.52;180.52;0
28/10/2022 00:00;180.76;180.76;0
31/10/2022 00:00;180.95;180.95;0
01/11/2022 00:00;182.41;182.41;0
02/11/2022 00:00;181.88;181.88;0
03/11/2022 00:00;180.23;180.23;0
04/11/2022 00:00;183.46;183.46;0
07/11/2022 00:00;183.88;183.88;0
08/11/2022 00:00;185.52;185.52;0
09/11/2022 00:00;185;185;0
10/11/2022 00:00;190.22;190.22;0
11/11/2022 00:00;190.22;190.22;0
14/11/2022 00:00;190.63;190.63;0
15/11/2022 00:00;191.39;191.39;0
16/11/2022 00:00;189.47;189.47;0
17/11/2022 00:00;188.73;188.73;0
18/11/2022 00:00;190.8;190.8;0
21/11/2022 00:00;190.71;190.71;0
22/11/2022 00:00;191.99;191.99;0
23/11/2022 00:00;193.13;193.13;0
24/11/2022 00:00;194.13;194.13;0
25/11/2022 00:00;194.25;194.25;0
28/11/2022 00:00;192.89;192.89;0
29/11/2022 00:00;192.54;192.54;0
30/11/2022 00:00;193.96;193.96;0
01/12/2022 00:00;195.84;195.84;0
02/12/2022 00:00;195.66;195.66;0
05/12/2022 00:00;194.81;194.81;0
06/12/2022 00:00;193.72;193.72;0
07/12/2022 00:00;192.34;192.34;0
08/12/2022 00:00;192.34;192.34;0
09/12/2022 00:00;193.78;193.78;0
12/12/2022 00:00;192.99;192.99;0
13/12/2022 00:00;195.02;195.02;0
14/12/2022 00:00;195.23;195.23;0
15/12/2022 00:00;189.83;189.83;0
16/12/2022 00:00;187.6;187.6;0
19/12/2022 00:00;188.12;188.12;0
20/12/2022 00:00;187.33;187.33;0
21/12/2022 00:00;190.34;190.34;0
22/12/2022 00:00;188.68;188.68;0
23/12/2022 00:00;189.03;189.03;0
27/12/2022 00:00;189.3;189.3;0
28/12/2022 00:00;188.35;188.35;0
29/12/2022 00:00;189.75;189.75;0
30/12/2022 00:00;188.1;188.1;0
02/01/2023 00:00;190.79;190.79;0
03/01/2023 00:00;191.79;191.79;0
04/01/2023 00:00;194.49;194.49;0
05/01/2023 00:00;194.29;194.29;0
06/01/2023 00:00;196.69;196.69;0
09/01/2023 00:00;198.41;198.41;0
10/01/2023 00:00;196.56;196.56;0
11/01/2023 00:00;197.79;197.79;0
12/01/2023 00:00;199.32;199.32;0
13/01/2023 00:00;199.83;199.83;0
16/01/2023 00:00;200.94;200.94;0
17/01/2023 00:00;201.48;201.48;0
18/01/2023 00:00;201.93;201.93;0
19/01/2023 00:00;199.17;199.17;0
20/01/2023 00:00;199.65;199.65;0
23/01/2023 00:00;201.02;201.02;0
24/01/2023 00:00;200.61;200.61;0
25/01/2023 00:00;199.63;199.63;0
26/01/2023 00:00;200.51;200.51;0
27/01/2023 00:00;201.27;201.27;0
30/01/2023 00:00;201.11;201.11;0
31/01/2023 00:00;200.3;200.3;0
01/02/2023 00:00;200.23;200.23;0
02/02/2023 00:00;203.08;203.08;0
03/02/2023 00:00;203.89;203.89;0
06/02/2023 00:00;202.31;202.31;0
07/02/2023 00:00;202.41;202.41;0
08/02/2023 00:00;203.22;203.22;0
09/02/2023 00:00;203.99;203.99;0
10/02/2023 00:00;202.06;202.06;0
13/02/2023 00:00;204.05;204.05;0
14/02/2023 00:00;203.97;203.97;0
15/02/2023 00:00;205.22;205.22;0
16/02/2023 00:00;205.62;205.62;0
17/02/2023 00:00;205.06;205.06;0
20/02/2023 00:00;205.1;205.1;0
21/02/2023 00:00;204.6;204.6;0
22/02/2023 00:00;203.99;203.99;0
23/02/2023 00:00;204.34;204.34;0
24/02/2023 00:00;201.82;201.82;0
27/02/2023 00:00;204.32;204.32;0
28/02/2023 00:00;203.66;203.66;0
01/03/2023 00:00;201.97;201.97;0
02/03/2023 00:00;203.55;203.55;0
03/03/2023 00:00;205.33;205.33;0
06/03/2023 00:00;205.47;205.47;0
07/03/2023 00:00;203.91;203.91;0
08/03/2023 00:00;204.12;204.12;0
09/03/2023 00:00;203.84;203.84;0
10/03/2023 00:00;201.14;201.14;0
13/03/2023 00:00;195.94;195.94;0
14/03/2023 00:00;199.02;199.02;0
15/03/2023 00:00;193.24;193.24;0
16/03/2023 00:00;195.83;195.83;0
17/03/2023 00:00;193.35;193.35;0
20/03/2023 00:00;195.58;195.58;0
21/03/2023 00:00;198.17;198.17;0
22/03/2023 00:00;198.55;198.55;0
23/03/2023 00:00;197.84;197.84;0
24/03/2023 00:00;195.47;195.47;0
27/03/2023 00:00;197.61;197.61;0
28/03/2023 00:00;197.36;197.36;0
29/03/2023 00:00;199.94;199.94;0
30/03/2023 00:00;201.96;201.96;0
31/03/2023 00:00;203.48;203.48;0
03/04/2023 00:00;203.46;203.46;0
04/04/2023 00:00;203.22;203.22;0
05/04/2023 00:00;203.11;203.11;0
06/04/2023 00:00;204.09;204.09;0
11/04/2023 00:00;205.2;205.2;0
12/04/2023 00:00;205.45;205.45;0
13/04/2023 00:00;206.52;206.52;0
14/04/2023 00:00;207.74;207.74;0
17/04/2023 00:00;207.75;207.75;0
18/04/2023 00:00;208.42;208.42;0
19/04/2023 00:00;208.33;208.33;0
20/04/2023 00:00;208.08;208.08;0
21/04/2023 00:00;208.52;208.52;0
24/04/2023 00:00;209.13;209.13;0
25/04/2023 00:00;208.38;208.38;0
26/04/2023 00:00;206.72;206.72;0
27/04/2023 00:00;207.32;207.32;0
28/04/2023 00:00;208.51;208.51;0
02/05/2023 00:00;206.14;206.14;0
03/05/2023 00:00;206.95;206.95;0
04/05/2023 00:00;205.99;205.99;0
05/05/2023 00:00;208.36;208.36;0
08/05/2023 00:00;209.28;209.28;0
09/05/2023 00:00;208.46;208.46;0
10/05/2023 00:00;207.25;207.25;0
11/05/2023 00:00;207.99;207.99;0
12/05/2023 00:00;208.86;208.86;0
15/05/2023 00:00;209.49;209.49;0
16/05/2023 00:00;208.64;208.64;0
17/05/2023 00:00;208.2;208.2;0
18/05/2023 00:00;209.8;209.8;0
19/05/2023 00:00;211.53;211.53;0
22/05/2023 00:00;210.71;210.71;0
23/05/2023 00:00;209.68;209.68;0
24/05/2023 00:00;205.91;205.91;0
25/05/2023 00:00;205.8;205.8;0
26/05/2023 00:00;207.77;207.77;0
29/05/2023 00:00;207.47;207.47;0
30/05/2023 00:00;205.6;205.6;0
31/05/2023 00:00;203.54;203.54;0
01/06/2023 00:00;205.06;205.06;0
02/06/2023 00:00;208.2;208.2;0
05/06/2023 00:00;207.25;207.25;0
06/06/2023 00:00;208.12;208.12;0
07/06/2023 00:00;207.62;207.62;0
08/06/2023 00:00;207.58;207.58;0
09/06/2023 00:00;207.13;207.13;0
12/06/2023 00:00;207.59;207.59;0
13/06/2023 00:00;208.8;208.8;0
14/06/2023 00:00;209.64;209.64;0
15/06/2023 00:00;209.22;209.22;0
16/06/2023 00:00;210.21;210.21;0
19/06/2023 00:00;207.99;207.99;0
20/06/2023 00:00;207;207;0
21/06/2023 00:00;206.11;206.11;0
22/06/2023 00:00;205.09;205.09;0
23/06/2023 00:00;204.06;204.06;0
26/06/2023 00:00;204.16;204.16;0
27/06/2023 00:00;203.88;203.88;0
28/06/2023 00:00;205.51;205.51;0
29/06/2023 00:00;205.65;205.65;0
30/06/2023 00:00;208.3;208.3;0
03/07/2023 00:00;208.08;208.08;0
04/07/2023 00:00;208.26;208.26;0
05/07/2023 00:00;206.41;206.41;0
06/07/2023 00:00;201.68;201.68;0
07/07/2023 00:00;201.98;201.98;0
10/07/2023 00:00;202.41;202.41;0
11/07/2023 00:00;203.4;203.4;0
12/07/2023 00:00;206.69;206.69;0
13/07/2023 00:00;208.1;208.1;0
14/07/2023 00:00;207.88;207.88;0
17/07/2023 00:00;206.48;206.48;0
18/07/2023 00:00;208.06;208.06;0
19/07/2023 00:00;208.48;208.48;0
20/07/2023 00:00;209.48;209.48;0
21/07/2023 00:00;210;210;0
24/07/2023 00:00;210.12;210.12;0
25/07/2023 00:00;211.28;211.28;0
26/07/2023 00:00;209.94;209.94;0
27/07/2023 00:00;212.86;212.86;0
28/07/2023 00:00;212.45;212.45;0
31/07/2023 00:00;212.7;212.7;0
01/08/2023 00:00;210.57;210.57;0
02/08/2023 00:00;208.13;208.13;0
03/08/2023 00:00;206.86;206.86;0
04/08/2023 00:00;207.68;207.68;0
07/08/2023 00:00;207.83;207.83;0
08/08/2023 00:00;207.4;207.4;0
09/08/2023 00:00;208.28;208.28;0
10/08/2023 00:00;209.99;209.99;0
11/08/2023 00:00;207.6;207.6;0
14/08/2023 00:00;208;208;0
15/08/2023 00:00;205.97;205.97;0
16/08/2023 00:00;205.92;205.92;0
17/08/2023 00:00;204.09;204.09;0
18/08/2023 00:00;202.81;202.81;0
21/08/2023 00:00;203.07;203.07;0
22/08/2023 00:00;204.39;204.39;0
23/08/2023 00:00;205.38;205.38;0
24/08/2023 00:00;204.46;204.46;0
25/08/2023 00:00;204.37;204.37;0
28/08/2023 00:00;206.69;206.69;0
29/08/2023 00:00;208.28;208.28;0
30/08/2023 00:00;207.78;207.78;0
31/08/2023 00:00;207.27;207.27;0
01/09/2023 00:00;207.44;207.44;0
04/09/2023 00:00;207.35;207.35;0
05/09/2023 00:00;206.81;206.81;0
06/09/2023 00:00;205.66;205.66;0
07/09/2023 00:00;205.53;205.53;0
08/09/2023 00:00;205.88;205.88;0
11/09/2023 00:00;206.55;206.55;0
12/09/2023 00:00;206.22;206.22;0
13/09/2023 00:00;205.41;205.41;0
14/09/2023 00:00;208.42;208.42;0
15/09/2023 00:00;209.28;209.28;0
18/09/2023 00:00;206.9;206.9;0
19/09/2023 00:00;206.52;206.52;0
20/09/2023 00:00;208.65;208.65;0
21/09/2023 00:00;205.88;205.88;0
22/09/2023 00:00;205.25;205.25;0
25/09/2023 00:00;204.14;204.14;0
26/09/2023 00:00;202.77;202.77;0
27/09/2023 00:00;202.24;202.24;0
28/09/2023 00:00;203.32;203.32;0
29/09/2023 00:00;204.18;204.18;0
02/10/2023 00:00;202.09;202.09;0
03/10/2023 00:00;199.8;199.8;0
04/10/2023 00:00;199.56;199.56;0
05/10/2023 00:00;200.17;200.17;0
06/10/2023 00:00;201.83;201.83;0
09/10/2023 00:00;201.25;201.25;0
10/10/2023 00:00;205.21;205.21;0
11/10/2023 00:00;205.41;205.41;0
12/10/2023 00:00;205.71;205.71;0
13/10/2023 00:00;203.69;203.69;0
16/10/2023 00:00;204.03;204.03;0
17/10/2023 00:00;203.75;203.75;0
18/10/2023 00:00;201.71;201.71;0
19/10/2023 00:00;199.29;199.29;0
20/10/2023 00:00;196.49;196.49;0
23/10/2023 00:00;195.98;195.98;0
24/10/2023 00:00;196.96;196.96;0
25/10/2023 00:00;197.06;197.06;0
26/10/2023 00:00;196.11;196.11;0
27/10/2023 00:00;194.26;194.26;0
30/10/2023 00:00;195.07;195.07;0
31/10/2023 00:00;196.51;196.51;0
01/11/2023 00:00;197.64;197.64;0
02/11/2023 00:00;201.07;201.07;0
03/11/2023 00:00;201.53;201.53;0
06/11/2023 00:00;201.03;201.03;0
07/11/2023 00:00;200.75;200.75;0
08/11/2023 00:00;201.49;201.49;0
09/11/2023 00:00;203.35;203.35;0
10/11/2023 00:00;200.5;200.5;0
13/11/2023 00:00;202.79;202.79;0
14/11/2023 00:00;205.43;205.43;0
15/11/2023 00:00;206.45;206.45;0
16/11/2023 00:00;205.01;205.01;0
17/11/2023 00:00;207.05;207.05;0
20/11/2023 00:00;207.28;207.28;0
21/11/2023 00:00;207.18;207.18;0
22/11/2023 00:00;207.6;207.6;0
23/11/2023 00:00;208.26;208.26;0
24/11/2023 00:00;208.63;208.63;0
27/11/2023 00:00;207.99;207.99;0
28/11/2023 00:00;207.39;207.39;0
29/11/2023 00:00;208.38;208.38;0
30/11/2023 00:00;209.42;209.42;0
01/12/2023 00:00;211.92;211.92;0
04/12/2023 00:00;211.61;211.61;0
05/12/2023 00:00;212.59;212.59;0
06/12/2023 00:00;213.81;213.81;0
07/12/2023 00:00;213.04;213.04;0
08/12/2023 00:00;214.79;214.79;0
11/12/2023 00:00;215.26;215.26;0
12/12/2023 00:00;214.78;214.78;0
13/12/2023 00:00;214.99;214.99;0
14/12/2023 00:00;216.82;216.82;0
15/12/2023 00:00;216.65;216.65;0
18/12/2023 00:00;215.88;215.88;0
19/12/2023 00:00;216.97;216.97;0
20/12/2023 00:00;217.48;217.48;0
21/12/2023 00:00;216.87;216.87;0
22/12/2023 00:00;217.29;217.29;0
27/12/2023 00:00;217.8;217.8;0
28/12/2023 00:00;217.33;217.33;0
29/12/2023 00:00;217.75;217.75;0
02/01/2024 00:00;217.63;217.63;0
03/01/2024 00:00;215.51;215.51;0
04/01/2024 00:00;217.18;217.18;0
05/01/2024 00:00;216.76;216.76;0
08/01/2024 00:00;217.48;217.48;0
09/01/2024 00:00;217.01;217.01;0
10/01/2024 00:00;216.77;216.77;0
11/01/2024 00:00;214.86;214.86;0
12/01/2024 00:00;216.73;216.73;0
15/01/2024 00:00;215.61;215.61;0
16/01/2024 00:00;214.95;214.95;0
17/01/2024 00:00;212.66;212.66;0
18/01/2024 00:00;213.8;213.8;0
19/01/2024 00:00;213.15;213.15;0
22/01/2024 00:00;214.81;214.81;0
23/01/2024 00:00;214.15;214.15;0
24/01/2024 00:00;216.78;216.78;0
25/01/2024 00:00;217.31;217.31;0
26/01/2024 00:00;219.77;219.77;0
29/01/2024 00:00;220.13;220.13;0
30/01/2024 00:00;220.67;220.67;0
31/01/2024 00:00;220.66;220.66;0
01/02/2024 00:00;219.81;219.81;0
02/02/2024 00:00;219.88;219.88;0
05/02/2024 00:00;219.99;219.99;0
06/02/2024 00:00;221.23;221.23;0
07/02/2024 00:00;220.73;220.73;0
08/02/2024 00:00;220.65;220.65;0
09/02/2024 00:00;220.44;220.44;0
12/02/2024 00:00;221.7;221.7;0
13/02/2024 00:00;219.58;219.58;0
14/02/2024 00:00;220.64;220.64;0
15/02/2024 00:00;222.03;222.03;0
16/02/2024 00:00;223.54;223.54;0
19/02/2024 00:00;223.82;223.82;0
20/02/2024 00:00;223.43;223.43;0
21/02/2024 00:00;223.14;223.14;0
22/02/2024 00:00;225.25;225.25;0
23/02/2024 00:00;226.19;226.19;0
26/02/2024 00:00;225.25;225.25;0
27/02/2024 00:00;225.66;225.66;0
28/02/2024 00:00;225.01;225.01;0
29/02/2024 00:00;224.83;224.83;0
01/03/2024 00:00;226.43;226.43;0
04/03/2024 00:00;226.42;226.42;0
05/03/2024 00:00;225.66;225.66;0
06/03/2024 00:00;226.51;226.51;0
07/03/2024 00:00;229.42;229.42;0
08/03/2024 00:00;229.21;229.21;0
11/03/2024 00:00;228.33;228.33;0
12/03/2024 00:00;230.61;230.61;0
13/03/2024 00:00;231.03;231.03;0
14/03/2024 00:00;231.01;231.01;0
15/03/2024 00:00;230.16;230.16;0
18/03/2024 00:00;229.69;229.69;0
19/03/2024 00:00;230.39;230.39;0
20/03/2024 00:00;230.26;230.26;0
21/03/2024 00:00;232.38;232.38;0
22/03/2024 00:00;232.71;232.71;0
25/03/2024 00:00;232.81;232.81;0
26/03/2024 00:00;233.53;233.53;0
27/03/2024 00:00;233.8;233.8;0
28/03/2024 00:00;234.31;234.31;0
02/04/2024 00:00;232.47;232.47;0
03/04/2024 00:00;233.26;233.26;0
04/04/2024 00:00;233.44;233.44;0
05/04/2024 00:00;231.37;231.37;0
08/04/2024 00:00;232.59;232.59;0
09/04/2024 00:00;231.28;231.28;0
10/04/2024 00:00;231.56;231.56;0
11/04/2024 00:00;230.74;230.74;0
12/04/2024 00:00;231.28;231.28;0
15/04/2024 00:00;231.4;231.4;0
16/04/2024 00:00;228;228;0
17/04/2024 00:00;228.04;228.04;0
18/04/2024 00:00;228.55;228.55;0
19/04/2024 00:00;228.17;228.17;0
22/04/2024 00:00;230.08;230.08;0
23/04/2024 00:00;232.77;232.77;0
24/04/2024 00:00;231.82;231.82;0
25/04/2024 00:00;230.31;230.31;0
26/04/2024 00:00;232.84;232.84;0
29/04/2024 00:00;233.29;233.29;0
30/04/2024 00:00;231.91;231.91;0
02/05/2024 00:00;231.02;231.02;0
03/05/2024 00:00;232.63;232.63;0
06/05/2024 00:00;234.21;234.21;0
07/05/2024 00:00;236.49;236.49;0
08/05/2024 00:00;237.15;237.15;0
09/05/2024 00:00;238.17;238.17;0
10/05/2024 00:00;240.02;240.02;0
13/05/2024 00:00;240.07;240.07;0
14/05/2024 00:00;240.53;240.53;0
15/05/2024 00:00;241.93;241.93;0
16/05/2024 00:00;241.76;241.76;0
17/05/2024 00:00;241.54;241.54;0
20/05/2024 00:00;242.47;242.47;0
21/05/2024 00:00;241.79;241.79;0
22/05/2024 00:00;241.07;241.07;0
23/05/2024 00:00;241.3;241.3;0
24/05/2024 00:00;240.95;240.95;0
27/05/2024 00:00;241.81;241.81;0
28/05/2024 00:00;240.12;240.12;0
29/05/2024 00:00;237.5;237.5;0
30/05/2024 00:00;239.16;239.16;0
31/05/2024 00:00;240.09;240.09;0
03/06/2024 00:00;240.8;240.8;0
04/06/2024 00:00;239.53;239.53;0
05/06/2024 00:00;242.02;242.02;0
06/06/2024 00:00;243.42;243.42;0
07/06/2024 00:00;242.78;242.78;0
10/06/2024 00:00;242.06;242.06;0
11/06/2024 00:00;239.83;239.83;0
12/06/2024 00:00;242.23;242.23;0
13/06/2024 00:00;239.32;239.32;0
14/06/2024 00:00;236.87;236.87;0
17/06/2024 00:00;237.11;237.11;0
18/06/2024 00:00;238.72;238.72;0
19/06/2024 00:00;238.35;238.35;0
20/06/2024 00:00;240.72;240.72;0
21/06/2024 00:00;238.69;238.69;0
24/06/2024 00:00;240.71;240.71;0
25/06/2024 00:00;240.09;240.09;0
26/06/2024 00:00;238.76;238.76;0
27/06/2024 00:00;237.9;237.9;0
28/06/2024 00:00;237.25;237.25;0
01/07/2024 00:00;238.22;238.22;0
02/07/2024 00:00;237.13;237.13;0
03/07/2024 00:00;238.77;238.77;0
04/07/2024 00:00;240.32;240.32;0
05/07/2024 00:00;240.01;240.01;0
08/07/2024 00:00;239.67;239.67;0
09/07/2024 00:00;237.66;237.66;0
10/07/2024 00:00;239.55;239.55;0
11/07/2024 00:00;241.1;241.1;0
12/07/2024 00:00;243.26;243.26;0
15/07/2024 00:00;240.85;240.85;0
16/07/2024 00:00;240.32;240.32;0
17/07/2024 00:00;239.21;239.21;0
18/07/2024 00:00;238.7;238.7;0
19/07/2024 00:00;236.83;236.83;0
22/07/2024 00:00;239.1;239.1;0
23/07/2024 00:00;239.52;239.52;0
24/07/2024 00:00;238.04;238.04;0
25/07/2024 00:00;236.23;236.23;0
26/07/2024 00:00;238.39;238.39;0
29/07/2024 00:00;237.69;237.69;0
30/07/2024 00:00;238.62;238.62;0
31/07/2024 00:00;240.59;240.59;0
01/08/2024 00:00;237.13;237.13;0
02/08/2024 00:00;231.38;231.38;0
05/08/2024 00:00;226.43;226.43;0
06/08/2024 00:00;226.84;226.84;0
07/08/2024 00:00;230.54;230.54;0
08/08/2024 00:00;230.66;230.66;0
09/08/2024 00:00;232.18;232.18;0
12/08/2024 00:00;231.99;231.99;0
13/08/2024 00:00;233.29;233.29;0
14/08/2024 00:00;234.39;234.39;0
15/08/2024 00:00;237.37;237.37;0
16/08/2024 00:00;237.98;237.98;0
19/08/2024 00:00;239.37;239.37;0
20/08/2024 00:00;238.35;238.35;0
21/08/2024 00:00;239.16;239.16;0
22/08/2024 00:00;240.08;240.08;0
23/08/2024 00:00;241.09;241.09;0
26/08/2024 00:00;240.92;240.92;0
27/08/2024 00:00;241.44;241.44;0
28/08/2024 00:00;242.26;242.26;0
29/08/2024 00:00;244.25;244.25;0
30/08/2024 00:00;244.21;244.21;0
02/09/2024 00:00;244.35;244.35;0
03/09/2024 00:00;241.83;241.83;0
04/09/2024 00:00;239.56;239.56;0
05/09/2024 00:00;238.34;238.34;0
06/09/2024 00:00;235.96;235.96;0
09/09/2024 00:00;237.89;237.89;0
10/09/2024 00:00;236.44;236.44;0
11/09/2024 00:00;236.54;236.54;0
12/09/2024 00:00;238.61;238.61;0
13/09/2024 00:00;240.36;240.36;0
16/09/2024 00:00;239.84;239.84;0
17/09/2024 00:00;240.55;240.55;0
18/09/2024 00:00;239.36;239.36;0
19/09/2024 00:00;243.13;243.13;0
20/09/2024 00:00;239.3;239.3;0
23/09/2024 00:00;240.43;240.43;0
24/09/2024 00:00;242.05;242.05;0
25/09/2024 00:00;241.63;241.63;0
26/09/2024 00:00;244.7;244.7;0
27/09/2024 00:00;246.03;246.03;0
30/09/2024 00:00;243.66;243.66;0
01/10/2024 00:00;242.59;242.59;0
02/10/2024 00:00;242.83;242.83;0
03/10/2024 00:00;240.73;240.73;0
04/10/2024 00:00;241.68;241.68;0
07/10/2024 00:00;242.23;242.23;0
08/10/2024 00:00;240.81;240.81;0
09/10/2024 00:00;242.3;242.3;0
10/10/2024 00:00;241.77;241.77;0
11/10/2024 00:00;243.12;243.12;0
14/10/2024 00:00;244.23;244.23;0
15/10/2024 00:00;242.4;242.4;0
16/10/2024 00:00;241.92;241.92;0
17/10/2024 00:00;243.94;243.94;0
18/10/2024 00:00;244.5;244.5;0
21/10/2024 00:00;242.64;242.64;0
22/10/2024 00:00;242.39;242.39;0
23/10/2024 00:00;241.42;241.42;0
24/10/2024 00:00;241.69;241.69;0
25/10/2024 00:00;241.58;241.58;0
28/10/2024 00:00;242.68;242.68;0
29/10/2024 00:00;241.05;241.05;0
30/10/2024 00:00;238.13;238.13;0
31/10/2024 00:00;235.5;235.5;0
01/11/2024 00:00;238.13;238.13;0
04/11/2024 00:00;237.03;237.03;0
05/11/2024 00:00;237.41;237.41;0
06/11/2024 00:00;236.2;236.2;0
07/11/2024 00:00;237.76;237.76;0
08/11/2024 00:00;236.21;236.21;0
11/11/2024 00:00;238.98;238.98;0
12/11/2024 00:00;234.08;234.08;0
13/11/2024 00:00;234.11;234.11;0
14/11/2024 00:00;236.68;236.68;0
15/11/2024 00:00;234.84;234.84;0
18/11/2024 00:00;235.01;235.01;0
19/11/2024 00:00;233.68;233.68;0
20/11/2024 00:00;233.51;233.51;0
21/11/2024 00:00;234.75;234.75;0
22/11/2024 00:00;237.42;237.42;0
25/11/2024 00:00;237.6;237.6;0
26/11/2024 00:00;236.19;236.19;0
27/11/2024 00:00;235.76;235.76;0
28/11/2024 00:00;236.66;236.66;0
29/11/2024 00:00;238.29;238.29;0
02/12/2024 00:00;239.79;239.79;0
03/12/2024 00:00;240.49;240.49;0
04/12/2024 00:00;241.41;241.41;0
05/12/2024 00:00;242.57;242.57;0
06/12/2024 00:00;243.18;243.18;0
09/12/2024 00:00;243.5;243.5;0
10/12/2024 00:00;241.92;241.92;0
11/12/2024 00:00;242.72;242.72;0
12/12/2024 00:00;242.41;242.41;0
13/12/2024 00:00;241.12;241.12;0
16/12/2024 00:00;240.95;240.95;0
17/12/2024 00:00;240.1;240.1;0
18/12/2024 00:00;240.37;240.37;0
19/12/2024 00:00;236.99;236.99;0
20/12/2024 00:00;234.95;234.95;0
23/12/2024 00:00;235.45;235.45;0
24/12/2024 00:00;235.2;235.2;0
27/12/2024 00:00;236.99;236.99;0
30/12/2024 00:00;235.81;235.81;0
31/12/2024 00:00;238.46;238.46;0
02/01/2025 00:00;239.23;239.23;0
03/01/2025 00:00;237.76;237.76;0
06/01/2025 00:00;240.29;240.29;0
07/01/2025 00:00;240.48;240.48;0
08/01/2025 00:00;240.27;240.27;0
09/01/2025 00:00;241.25;241.25;0
10/01/2025 00:00;239.22;239.22;0
13/01/2025 00:00;238.03;238.03;0
14/01/2025 00:00;237.7;237.7;0
15/01/2025 00:00;240.97;240.97;0
16/01/2025 00:00;243.21;243.21;0
17/01/2025 00:00;244.95;244.95;0
20/01/2025 00:00;244.93;244.93;0
21/01/2025 00:00;246.13;246.13;0
22/01/2025 00:00;247.04;247.04;0
23/01/2025 00:00;247.97;247.97;0
24/01/2025 00:00;247.93;247.93;0
27/01/2025 00:00;247.77;247.77;0
28/01/2025 00:00;248.61;248.61;0
29/01/2025 00:00;249.92;249.92;0
30/01/2025 00:00;252.07;252.07;0
31/01/2025 00:00;252.31;252.31;0
03/02/2025 00:00;250.43;250.43;0
04/02/2025 00:00;250.93;250.93;0
05/02/2025 00:00;252.03;252.03;0
06/02/2025 00:00;255.02;255.02;0
07/02/2025 00:00;254.05;254.05;0
10/02/2025 00:00;255.53;255.53;0
11/02/2025 00:00;255.92;255.92;0
12/02/2025 00:00;256.26;256.26;0
13/02/2025 00:00;259.28;259.28;0
14/02/2025 00:00;258.67;258.67;0
17/02/2025 00:00;260.04;260.04;0
18/02/2025 00:00;260.9;260.9;0
19/02/2025 00:00;258.43;258.43;0
20/02/2025 00:00;258.08;258.08;0
21/02/2025 00:00;259.62;259.62;0
24/02/2025 00:00;259.36;259.36;0
25/02/2025 00:00;259.24;259.24;0
26/02/2025 00:00;262.24;262.24;0
27/02/2025 00:00;261.14;261.14;0
28/02/2025 00:00;261.04;261.04;0
03/03/2025 00:00;263.91;263.91;0
04/03/2025 00:00;258.25;258.25;0
05/03/2025 00:00;260.48;260.48;0
06/03/2025 00:00;260.51;260.51;0
07/03/2025 00:00;259.76;259.76;0
10/03/2025 00:00;256.3;256.3;0
11/03/2025 00:00;251.8;251.8;0
12/03/2025 00:00;254.14;254.14;0
13/03/2025 00:00;253.56;253.56;0
14/03/2025 00:00;256.48;256.48;0
17/03/2025 00:00;258.59;258.59;0
18/03/2025 00:00;260.13;260.13;0
19/03/2025 00:00;260.55;260.55;0
20/03/2025 00:00;259.17;259.17;0
21/03/2025 00:00;257.92;257.92;0
24/03/2025 00:00;257.63;257.63;0
25/03/2025 00:00;259.38;259.38;0
26/03/2025 00:00;257.69;257.69;0
27/03/2025 00:00;256.89;256.89;0
28/03/2025 00:00;254.84;254.84;0
31/03/2025 00:00;251.13;251.13;0
01/04/2025 00:00;253.7;253.7;0
02/04/2025 00:00;252.61;252.61;0
03/04/2025 00:00;246;246;0
04/04/2025 00:00;233.52;233.52;0
07/04/2025 00:00;225.87;225.87;0
08/04/2025 00:00;229.39;229.39;0
09/04/2025 00:00;221.28;221.28;0
10/04/2025 00:00;229.51;229.51;0
11/04/2025 00:00;229.57;229.57;0
14/04/2025 00:00;235.96;235.96;0
15/04/2025 00:00;239.69;239.69;0
16/04/2025 00:00;239.24;239.24;0
17/04/2025 00:00;238.68;238.68;0
22/04/2025 00:00;240.05;240.05;0
23/04/2025 00:00;243.98;243.98;0
24/04/2025 00:00;245.24;245.24;0
25/04/2025 00:00;246.15;246.15;0
28/04/2025 00:00;247.39;247.39;0
29/04/2025 00:00;248.41;248.41;0
30/04/2025 00:00;249.52;249.52;0
02/05/2025 00:00;254.12;254.12;0
05/05/2025 00:00;255.04;255.04;0
06/05/2025 00:00;254.34;254.34;0
07/05/2025 00:00;253.15;253.15;0
08/05/2025 00:00;254.35;254.35;0
09/05/2025 00:00;255.46;255.46;0
12/05/2025 00:00;258.84;258.84;0
13/05/2025 00:00;259.05;259.05;0
14/05/2025 00:00;258.62;258.62;0
15/05/2025 00:00;260.31;260.31;0
16/05/2025 00:00;261.55;261.55;0
19/05/2025 00:00;262.28;262.28;0
20/05/2025 00:00;264.33;264.33;0
21/05/2025 00:00;264.22;264.22;0
22/05/2025 00:00;262.53;262.53;0
23/05/2025 00:00;260.05;260.05;0
26/05/2025 00:00;263.44;263.44;0
27/05/2025 00:00;263.77;263.77;0
28/05/2025 00:00;262.06;262.06;0
29/05/2025 00:00;261.61;261.61;0
30/05/2025 00:00;262.05;262.05;0
02/06/2025 00:00;261.64;261.64;0
03/06/2025 00:00;262.12;262.12;0
04/06/2025 00:00;263.32;263.32;0
05/06/2025 00:00;263.86;263.86;0
06/06/2025 00:00;264.68;264.68;0
09/06/2025 00:00;264.34;264.34;0
10/06/2025 00:00;264.32;264.32;0
11/06/2025 00:00;263.61;263.61;0
12/06/2025 00:00;262.74;262.74;0
13/06/2025 00:00;260.41;260.41;0
16/06/2025 00:00;261.33;261.33;0
17/06/2025 00:00;259.17;259.17;0
18/06/2025 00:00;258.17;258.17;0
19/06/2025 00:00;255.99;255.99;0
20/06/2025 00:00;256.61;256.61;0
23/06/2025 00:00;255.76;255.76;0
24/06/2025 00:00;258.59;258.59;0
25/06/2025 00:00;256.67;256.67;0
26/06/2025 00:00;257.11;257.11;0
27/06/2025 00:00;260.09;260.09;0
30/06/2025 00:00;258.82;258.82;0
01/07/2025 00:00;258.47;258.47;0
02/07/2025 00:00;258.98;258.98;0
03/07/2025 00:00;260.2;260.2;0
04/07/2025 00:00;258.92;258.92;0
07/07/2025 00:00;260.21;260.21;0
08/07/2025 00:00;261.22;261.22;0
09/07/2025 00:00;263.29;263.29;0
10/07/2025 00:00;264.71;264.71;0
11/07/2025 00:00;261.88;261.88;0
14/07/2025 00:00;261.79;261.79;0
15/07/2025 00:00;260.84;260.84;0
16/07/2025 00:00;259.03;259.03;0
17/07/2025 00:00;261.79;261.79;0
18/07/2025 00:00;261.73;261.73;0
21/07/2025 00:00;261.69;261.69;0
22/07/2025 00:00;260.47;260.47;0
23/07/2025 00:00;263.41;263.41;0
24/07/2025 00:00;263.93;263.93;0
25/07/2025 00:00;263.29;263.29;0
28/07/2025 00:00;262.9;262.9;0
29/07/2025 00:00;263.51;263.51;0
30/07/2025 00:00;263.44;263.44;0
31/07/2025 00:00;261.4;261.4;0
01/08/2025 00:00;255.12;255.12;0
04/08/2025 00:00;258.74;258.74;0
05/08/2025 00:00;259.07;259.07;0
06/08/2025 00:00;259.02;259.02;0
07/08/2025 00:00;261.51;261.51;0
08/08/2025 00:00;262.1;262.1;0
11/08/2025 00:00;261.95;261.95;0
12/08/2025 00:00;262.47;262.47;0
13/08/2025 00:00;263.94;263.94;0
14/08/2025 00:00;265.61;265.61;0
15/08/2025 00:00;265.64;265.64;0
18/08/2025 00:00;265.72;265.72;0
19/08/2025 00:00;267.64;267.64;0
20/08/2025 00:00;268.12;268.12;0
21/08/2025 00:00;268.19;268.19;0
22/08/2025 00:00;269.27;269.27;0
25/08/2025 00:00;267.92;267.92;0
26/08/2025 00:00;265.84;265.84;0
27/08/2025 00:00;265.99;265.99;0
28/08/2025 00:00;265.66;265.66;0
29/08/2025 00:00;263.96;263.96;0
01/09/2025 00:00;264.59;264.59;0
02/09/2025 00:00;260.53;260.53;0
03/09/2025 00:00;262.18;262.18;0
04/09/2025 00:00;263.89;263.89;0
05/09/2025 00:00;263.59;263.59;0
08/09/2025 00:00;264.95;264.95;0
09/09/2025 00:00;265.04;265.04;0
10/09/2025 00:00;264.9;264.9;0
11/09/2025 00:00;266.33;266.33;0
12/09/2025 00:00;266.15;266.15;0
15/09/2025 00:00;267.33;267.33;0
16/09/2025 00:00;264.25;264.25;0
17/09/2025 00:00;264.2;264.2;0
18/09/2025 00:00;266.27;266.27;0
19/09/2025 00:00;265.87;265.87;0
22/09/2025 00:00;265.57;265.57;0
23/09/2025 00:00;266.3;266.3;0
24/09/2025 00:00;265.82;265.82;0
25/09/2025 00:00;264.11;264.11;0
26/09/2025 00:00;266.29;266.29;0
29/09/2025 00:00;266.75;266.75;0
30/09/2025 00:00;268.01;268.01;0
01/10/2025 00:00;271.16;271.16;0
02/10/2025 00:00;272.74;272.74;0
03/10/2025 00:00;273.96;273.96;0
06/10/2025 00:00;273.9;273.9;0
07/10/2025 00:00;273.56;273.56;0
08/10/2025 00:00;275.56;275.56;0
09/10/2025 00:00;274.16;274.16;0
10/10/2025 00:00;270.9;270.9;0
13/10/2025 00:00;272.25;272.25;0
14/10/2025 00:00;271.16;271.16;0
15/10/2025 00:00;272.79;272.79;0
16/10/2025 00:00;274.76;274.76;0
17/10/2025 00:00;272.17;272.17;0
20/10/2025 00:00;274.83;274.83;0
21/10/2025 00:00;275.43;275.43;0
22/10/2025 00:00;275.06;275.06;0
23/10/2025 00:00;275.81;275.81;0
24/10/2025 00:00;276.44;276.44;0
27/10/2025 00:00;277.22;277.22;0
28/10/2025 00:00;276.65;276.65;0
29/10/2025 00:00;276.34;276.34;0
30/10/2025 00:00;276.24;276.24;0
31/10/2025 00:00;274.89;274.89;0
03/11/2025 00:00;274.94;274.94;0
04/11/2025 00:00;274.19;274.19;0
05/11/2025 00:00;274.83;274.83;0
06/11/2025 00:00;272.91;272.91;0
07/11/2025 00:00;271.45;271.45;0
10/11/2025 00:00;275.26;275.26;0
11/11/2025 00:00;278.9;278.9;0
12/11/2025 00:00;280.9;280.9;0
13/11/2025 00:00;279.34;279.34;0
14/11/2025 00:00;276.5;276.5;0
17/11/2025 00:00;274.98;274.98;0
18/11/2025 00:00;270.2;270.2;0
19/11/2025 00:00;270.05;270.05;0
20/11/2025 00:00;271.13;271.13;0
21/11/2025 00:00;270.43;270.43;0
24/11/2025 00:00;270.86;270.86;0
25/11/2025 00:00;273.4;273.4;0
26/11/2025 00:00;276.38;276.38;0
27/11/2025 00:00;276.72;276.72;0
28/11/2025 00:00;277.37;277.37;0
01/12/2025 00:00;276.8;276.8;0
02/12/2025 00:00;276.96;276.96;0
03/12/2025 00:00;277.46;277.46;0
04/12/2025 00:00;278.66;278.66;0
05/12/2025 00:00;278.62;278.62;0
08/12/2025 00:00;278.57;278.57;0
09/12/2025 00:00;278.33;278.33;0
10/12/2025 00:00;278.38;278.38;0
11/12/2025 00:00;280.06;280.06;0
12/12/2025 00:00;278.37;278.37;0
15/12/2025 00:00;280.51;280.51;0
16/12/2025 00:00;279.36;279.36;0
17/12/2025 00:00;279.3;279.3;0
18/12/2025 00:00;281.75;281.75;0
19/12/2025 00:00;282.89;282.89;0
22/12/2025 00:00;282.71;282.71;0
23/12/2025 00:00;283.63;283.63;0
24/12/2025 00:00;285;285;0
29/12/2025 00:00;283.92;283.92;0
30/12/2025 00:00;285.77;285.77;0
31/12/2025 00:00;285.06;285.06;0
02/01/2026 00:00;287.33;287.33;0
05/01/2026 00:00;290.1;290.1;0
06/01/2026 00:00;291.66;291.66;0
07/01/2026 00:00;291.47;291.47;0
08/01/2026 00:00;290.91;290.91;0
09/01/2026 00:00;293.78;293.78;0
12/01/2026 00:00;294.45;294.45;0
13/01/2026 00:00;294.09;294.09;0
14/01/2026 00:00;294.58;294.58;0
15/01/2026 00:00;296.08;296.08;0
16/01/2026 00:00;296.11;296.11;0
19/01/2026 00:00;292.61;292.61;0
20/01/2026 00:00;290.53;290.53;0
21/01/2026 00:00;290.34;290.34;0
22/01/2026 00:00;293.3;293.3;0
23/01/2026 00:00;293.24;293.24;0
26/01/2026 00:00;293.71;293.71;0
27/01/2026 00:00;295.35;295.35;0
28/01/2026 00:00;293.12;293.12;0
29/01/2026 00:00;292.57;292.57;0
30/01/2026 00:00;294.6;294.6;0
02/02/2026 00:00;297.76;297.76;0
03/02/2026 00:00;297.78;297.78;0
04/02/2026 00:00;297.82;297.82;0
05/02/2026 00:00;294.83;294.83;0
06/02/2026 00:00;297.44;297.44;0
09/02/2026 00:00;299.55;299.55;0
10/02/2026 00:00;299.26;299.26;0
11/02/2026 00:00;299.79;299.79;0
12/02/2026 00:00;298.1;298.1;0
13/02/2026 00:00;297.9;297.9;0
16/02/2026 00:00;298.19;298.19;0
17/02/2026 00:00;299.71;299.71;0
18/02/2026 00:00;303.27;303.27;0
19/02/2026 00:00;301.78;301.78;0
20/02/2026 00:00;304.32;304.32;0
23/02/2026 00:00;302.93;302.93;0
24/02/2026 00:00;303.71;303.71;0
25/02/2026 00:00;305.73;305.73;0
26/02/2026 00:00;305.58;305.58;0
27/02/2026 00:00;305.73;305.73;0
02/03/2026 00:00;300.99;300.99;0
03/03/2026 00:00;291.59;291.59;0
04/03/2026 00:00;295.58;295.58;0
05/03/2026 00:00;291.77;291.77;0
06/03/2026 00:00;289.1;289.1;0
09/03/2026 00:00;287.44;287.44;0
10/03/2026 00:00;292.8;292.8;0
11/03/2026 00:00;291.15;291.15;0
12/03/2026 00:00;289.7;289.7;0
13/03/2026 00:00;288.13;288.13;0
16/03/2026 00:00;289.32;289.32;0
17/03/2026 00:00;291.31;291.31;0
18/03/2026 00:00;289.16;289.16;0
19/03/2026 00:00;282.02;282.02;0
20/03/2026 00:00;277.13;277.13;0
23/03/2026 00:00;279.19;279.19;0
24/03/2026 00:00;280.2;280.2;0
25/03/2026 00:00;284.51;284.51;0
26/03/2026 00:00;281.12;281.12;0
27/03/2026 00:00;278.68;278.68;0
30/03/2026 00:00;281.7;281.7;0
31/03/2026 00:00;282.82;282.82;0
01/04/2026 00:00;289.86;289.86;0
02/04/2026 00:00;289.62;289.62;0
07/04/2026 00:00;286.33;286.33;0
08/04/2026 00:00;297.93;297.93;0
09/04/2026 00:00;297.42;297.42;0
10/04/2026 00:00;298.49;298.49;0
13/04/2026 00:00;297.8;297.8;0
14/04/2026 00:00;301.05;301.05;0
15/04/2026 00:00;299.65;299.65;0
16/04/2026 00:00;299.45;299.45;0
17/04/2026 00:00;304.2;304.2;0
20/04/2026 00:00;301.85;301.85;0
21/04/2026 00:00;299.4;299.4;0
22/04/2026 00:00;298.45;298.45;0
23/04/2026 00:00;298.65;298.65;0
24/04/2026 00:00;297.3;297.3;0
27/04/2026 00:00;296.4;296.4;0
28/04/2026 00:00;295.45;295.45;0
29/04/2026 00:00;293.75;293.75;0
30/04/2026 00:00;298.1;298.1;0
04/05/2026 00:00;294.25;294.25;0
05/05/2026 00:00;297.65;297.65;0
06/05/2026 00:00;304.35;304.35;0
07/05/2026 00:00;300.9;300.9;0
08/05/2026 00:00;299.2;299.2;0
11/05/2026 00:00;299.55;299.55;0
12/05/2026 00:00;296.6;296.6;0
13/05/2026 00:00;299.1;299.1;0
14/05/2026 00:00;302.25;302.25;0
15/05/2026 00:00;296.5;296.5;0
18/05/2026 00:00;299.15;299.15;0
19/05/2026 00:00;299.6;299.6;0
20/05/2026 00:00;304.3;304.3;0
21/05/2026 00:00;303.95;303.95;0
22/05/2026 00:00;306.65;306.65;0
25/05/2026 00:00;311.9;311.9;0
26/05/2026 00:00;308.15;308.15;0
27/05/2026 00:00;308.35;308.35;0
28/05/2026 00:00;306.85;306.85;0
29/05/2026 00:00;307.15;307.15;0
01/06/2026 00:00;305.15;305.15;0
02/06/2026 00:00;307.2;307.2;0
03/06/2026 00:00;305;305;0
04/06/2026 00:00;306.9;306.9;0
05/06/2026 00:00;305.55;305.55;0
08/06/2026 00:00;305.35;305.35;0
09/06/2026 00:00;303.45;303.45;0
10/06/2026 00:00;303.1;303.1;0
11/06/2026 00:00;305.3;305.3;0
12/06/2026 00:00;311;311;0
15/06/2026 00:00;311.75;311.75;0
16/06/2026 00:00;312.6;312.6;0
17/06/2026 00:00;314.05;314.05;0
18/06/2026 00:00;312.85;312.85;0
19/06/2026 00:00;312.1;312.1;0
22/06/2026 00:00;314;314;0
23/06/2026 00:00;311.65;311.65;0
24/06/2026 00:00;311.9;311.9;0
25/06/2026 00:00;314.45;314.45;0
26/06/2026 00:00;312.35;312.35;0
29/06/2026 00:00;312.15;312.15;0
30/06/2026 00:00;315.25;315.25;0
01/07/2026 00:00;314.2;314.2;0
02/07/2026 00:00;318.6;318.6;0
03/07/2026 00:00;320.7;320.7;0
06/07/2026 00:00;319.7;319.7;0
07/07/2026 00:00;317.75;317.75;0
08/07/2026 00:00;312.5;312.5;0
09/07/2026 00:00;315.25;315.25;0
10/07/2026 00:00;315.45;315.45;0
13/07/2026 00:00;315.35;315.35;0
14/07/2026 00:00;315.55;315.55;0
15/07/2026 00:00;316.15;316.15;0
16/07/2026 00:00;316.5;316.5;0
17/07/2026 00:00;315.45;315.45;0
20/07/2026 00:00;314.4;314.4;0
21/07/2026 00:00;316.3;316.3;0
22/07/2026 00:00;318.05;318.05;0
23/07/2026 00:00;314.45;314.45;0
24/07/2026 00:00;317.15;317.15;0
27/07/2026 00:00;317.25;317.25;0
28/07/2026 00:00;318.35;318.35;0
29/07/2026 00:00;317.3;317.3;0
30/07/2026 00:00;319.95;319.95;0
31/07/2026 00:00;319.4;319.4;0
03/08/2026 00:00;320.9;320.9;0
04/08/2026 00:00;323.25;323.25;0
05/08/2026 00:00;323.75;323.75;0
